Roll_No,Semester,Subject,Attendance
IT2021001,1,Communication Skills,81.7
IT2021001,1,Digital Electronics,81.2
IT2021001,1,Mathematics I,78.1
IT2021001,1,Python Programming,84.6
IT2021001,2,Data Structures,82.7
IT2021001,2,Database Management Systems,83.8
IT2021001,2,Statistics,82.2
IT2021001,2,Web Development,78.2
IT2021001,3,Computer Networks,79.5
IT2021001,3,Operating Systems,82.5
IT2021001,3,Python for Data Analytics,84.0
IT2021001,3,Software Engineering,84.4
IT2021001,4,Artificial Intelligence,77.4
IT2021001,4,Cloud Computing,81.8
IT2021001,4,Data Visualization,79.9
IT2021001,4,Java Programming,77.7
IT2021001,5,Big Data Analytics,79.5
IT2021001,5,Business Intelligence,76.1
IT2021001,5,Cyber Security,74.1
IT2021001,5,Machine Learning,80.7
IT2021001,6,Data Science,89.0
IT2021001,6,Deep Learning,74.0
IT2021001,6,Major Project,82.0
IT2021001,6,Professional Ethics,77.0
IT2021002,1,Communication Skills,93.2
IT2021002,1,Digital Electronics,94.2
IT2021002,1,Mathematics I,94.8
IT2021002,1,Python Programming,94.0
IT2021002,2,Data Structures,97.3
IT2021002,2,Database Management Systems,88.3
IT2021002,2,Statistics,92.6
IT2021002,2,Web Development,99.0
IT2021002,3,Computer Networks,98.2
IT2021002,3,Operating Systems,94.5
IT2021002,3,Python for Data Analytics,91.7
IT2021002,3,Software Engineering,96.6
IT2021002,4,Artificial Intelligence,92.3
IT2021002,4,Cloud Computing,95.8
IT2021002,4,Data Visualization,89.4
IT2021002,4,Java Programming,98.6
IT2021002,5,Big Data Analytics,98.9
IT2021002,5,Business Intelligence,92.8
IT2021002,5,Cyber Security,95.6
IT2021002,5,Machine Learning,93.5
IT2021002,6,Data Science,92.0
IT2021002,6,Deep Learning,95.0
IT2021002,6,Major Project,99.0
IT2021002,6,Professional Ethics,98.0
IT2021003,1,Communication Skills,72.6
IT2021003,1,Digital Electronics,76.2
IT2021003,1,Mathematics I,74.5
IT2021003,1,Python Programming,73.2
IT2021003,2,Data Structures,76.5
IT2021003,2,Database Management Systems,70.1
IT2021003,2,Statistics,71.2
IT2021003,2,Web Development,69.4
IT2021003,3,Computer Networks,69.3
IT2021003,3,Operating Systems,71.0
IT2021003,3,Python for Data Analytics,74.1
IT2021003,3,Software Engineering,72.8
IT2021003,4,Artificial Intelligence,72.4
IT2021003,4,Cloud Computing,75.8
IT2021003,4,Data Visualization,74.8
IT2021003,4,Java Programming,73.5
IT2021003,5,Big Data Analytics,71.3
IT2021003,5,Business Intelligence,68.2
IT2021003,5,Cyber Security,69.3
IT2021003,5,Machine Learning,73.7
IT2021003,6,Data Science,66.0
IT2021003,6,Deep Learning,77.0
IT2021003,6,Major Project,71.0
IT2021003,6,Professional Ethics,80.0
IT2021004,1,Communication Skills,80.5
IT2021004,1,Digital Electronics,70.5
IT2021004,1,Mathematics I,79.4
IT2021004,1,Python Programming,83.0
IT2021004,2,Data Structures,86.4
IT2021004,2,Database Management Systems,86.4
IT2021004,2,Statistics,79.5
IT2021004,2,Web Development,79.7
IT2021004,3,Computer Networks,85.0
IT2021004,3,Operating Systems,83.3
IT2021004,3,Python for Data Analytics,85.5
IT2021004,3,Software Engineering,80.9
IT2021004,4,Artificial Intelligence,88.6
IT2021004,4,Cloud Computing,85.3
IT2021004,4,Data Visualization,82.7
IT2021004,4,Java Programming,86.7
IT2021004,5,Big Data Analytics,87.3
IT2021004,5,Business Intelligence,80.2
IT2021004,5,Cyber Security,84.2
IT2021004,5,Machine Learning,86.0
IT2021004,6,Data Science,73.0
IT2021004,6,Deep Learning,87.0
IT2021004,6,Major Project,85.0
IT2021004,6,Professional Ethics,87.0
IT2021005,1,Communication Skills,70.9
IT2021005,1,Digital Electronics,76.7
IT2021005,1,Mathematics I,78.2
IT2021005,1,Python Programming,77.0
IT2021005,2,Data Structures,70.4
IT2021005,2,Database Management Systems,73.3
IT2021005,2,Statistics,80.3
IT2021005,2,Web Development,76.2
IT2021005,3,Computer Networks,71.6
IT2021005,3,Operating Systems,77.4
IT2021005,3,Python for Data Analytics,74.4
IT2021005,3,Software Engineering,77.0
IT2021005,4,Artificial Intelligence,71.4
IT2021005,4,Cloud Computing,77.4
IT2021005,4,Data Visualization,77.2
IT2021005,4,Java Programming,75.0
IT2021005,5,Big Data Analytics,70.5
IT2021005,5,Business Intelligence,72.6
IT2021005,5,Cyber Security,74.1
IT2021005,5,Machine Learning,72.1
IT2021005,6,Data Science,73.0
IT2021005,6,Deep Learning,83.0
IT2021005,6,Major Project,74.0
IT2021005,6,Professional Ethics,71.0
IT2021006,1,Communication Skills,88.3
IT2021006,1,Digital Electronics,87.2
IT2021006,1,Mathematics I,82.6
IT2021006,1,Python Programming,86.4
IT2021006,2,Data Structures,89.1
IT2021006,2,Database Management Systems,88.8
IT2021006,2,Statistics,88.0
IT2021006,2,Web Development,85.8
IT2021006,3,Computer Networks,85.2
IT2021006,3,Operating Systems,84.4
IT2021006,3,Python for Data Analytics,85.4
IT2021006,3,Software Engineering,88.2
IT2021006,4,Artificial Intelligence,85.5
IT2021006,4,Cloud Computing,91.1
IT2021006,4,Data Visualization,88.0
IT2021006,4,Java Programming,90.7
IT2021006,5,Big Data Analytics,89.2
IT2021006,5,Business Intelligence,92.3
IT2021006,5,Cyber Security,96.7
IT2021006,5,Machine Learning,87.8
IT2021006,6,Data Science,86.0
IT2021006,6,Deep Learning,94.0
IT2021006,6,Major Project,84.0
IT2021006,6,Professional Ethics,93.0
IT2021007,1,Communication Skills,94.1
IT2021007,1,Digital Electronics,96.1
IT2021007,1,Mathematics I,95.8
IT2021007,1,Python Programming,96.3
IT2021007,2,Data Structures,99.0
IT2021007,2,Database Management Systems,99.0
IT2021007,2,Statistics,97.7
IT2021007,2,Web Development,97.0
IT2021007,3,Computer Networks,92.3
IT2021007,3,Operating Systems,93.7
IT2021007,3,Python for Data Analytics,98.3
IT2021007,3,Software Engineering,95.7
IT2021007,4,Artificial Intelligence,92.5
IT2021007,4,Cloud Computing,97.1
IT2021007,4,Data Visualization,93.6
IT2021007,4,Java Programming,92.1
IT2021007,5,Big Data Analytics,92.5
IT2021007,5,Business Intelligence,89.7
IT2021007,5,Cyber Security,96.1
IT2021007,5,Machine Learning,94.7
IT2021007,6,Data Science,95.0
IT2021007,6,Deep Learning,93.0
IT2021007,6,Major Project,91.0
IT2021007,6,Professional Ethics,100.0
IT2021008,1,Communication Skills,86.4
IT2021008,1,Digital Electronics,95.6
IT2021008,1,Mathematics I,86.8
IT2021008,1,Python Programming,85.6
IT2021008,2,Data Structures,98.4
IT2021008,2,Database Management Systems,90.9
IT2021008,2,Statistics,85.9
IT2021008,2,Web Development,89.7
IT2021008,3,Computer Networks,86.3
IT2021008,3,Operating Systems,89.1
IT2021008,3,Python for Data Analytics,93.4
IT2021008,3,Software Engineering,88.3
IT2021008,4,Artificial Intelligence,89.1
IT2021008,4,Cloud Computing,93.3
IT2021008,4,Data Visualization,86.6
IT2021008,4,Java Programming,85.9
IT2021008,5,Big Data Analytics,89.2
IT2021008,5,Business Intelligence,91.4
IT2021008,5,Cyber Security,91.6
IT2021008,5,Machine Learning,91.0
IT2021008,6,Data Science,93.0
IT2021008,6,Deep Learning,85.0
IT2021008,6,Major Project,88.0
IT2021008,6,Professional Ethics,94.0
IT2021009,1,Communication Skills,68.1
IT2021009,1,Digital Electronics,70.2
IT2021009,1,Mathematics I,68.3
IT2021009,1,Python Programming,70.1
IT2021009,2,Data Structures,72.2
IT2021009,2,Database Management Systems,62.0
IT2021009,2,Statistics,70.0
IT2021009,2,Web Development,67.0
IT2021009,3,Computer Networks,71.4
IT2021009,3,Operating Systems,73.2
IT2021009,3,Python for Data Analytics,68.2
IT2021009,3,Software Engineering,67.9
IT2021009,4,Artificial Intelligence,68.7
IT2021009,4,Cloud Computing,74.7
IT2021009,4,Data Visualization,72.3
IT2021009,4,Java Programming,70.3
IT2021009,5,Big Data Analytics,67.6
IT2021009,5,Business Intelligence,70.6
IT2021009,5,Cyber Security,71.4
IT2021009,5,Machine Learning,69.2
IT2021009,6,Data Science,68.0
IT2021009,6,Deep Learning,61.0
IT2021009,6,Major Project,74.0
IT2021009,6,Professional Ethics,80.0
IT2021010,1,Communication Skills,89.2
IT2021010,1,Digital Electronics,87.4
IT2021010,1,Mathematics I,86.9
IT2021010,1,Python Programming,88.7
IT2021010,2,Data Structures,92.0
IT2021010,2,Database Management Systems,91.1
IT2021010,2,Statistics,89.4
IT2021010,2,Web Development,94.6
IT2021010,3,Computer Networks,87.4
IT2021010,3,Operating Systems,90.1
IT2021010,3,Python for Data Analytics,87.8
IT2021010,3,Software Engineering,89.7
IT2021010,4,Artificial Intelligence,85.5
IT2021010,4,Cloud Computing,81.2
IT2021010,4,Data Visualization,86.1
IT2021010,4,Java Programming,87.2
IT2021010,5,Big Data Analytics,92.5
IT2021010,5,Business Intelligence,94.2
IT2021010,5,Cyber Security,88.5
IT2021010,5,Machine Learning,84.9
IT2021010,6,Data Science,85.0
IT2021010,6,Deep Learning,90.0
IT2021010,6,Major Project,86.0
IT2021010,6,Professional Ethics,92.0
IT2021011,1,Communication Skills,66.5
IT2021011,1,Digital Electronics,68.3
IT2021011,1,Mathematics I,67.5
IT2021011,1,Python Programming,70.9
IT2021011,2,Data Structures,67.7
IT2021011,2,Database Management Systems,64.6
IT2021011,2,Statistics,69.1
IT2021011,2,Web Development,67.5
IT2021011,3,Computer Networks,68.1
IT2021011,3,Operating Systems,71.1
IT2021011,3,Python for Data Analytics,69.9
IT2021011,3,Software Engineering,68.5
IT2021011,4,Artificial Intelligence,65.8
IT2021011,4,Cloud Computing,71.6
IT2021011,4,Data Visualization,66.0
IT2021011,4,Java Programming,67.5
IT2021011,5,Big Data Analytics,67.4
IT2021011,5,Business Intelligence,67.3
IT2021011,5,Cyber Security,64.6
IT2021011,5,Machine Learning,66.9
IT2021011,6,Data Science,72.0
IT2021011,6,Deep Learning,65.0
IT2021011,6,Major Project,68.0
IT2021011,6,Professional Ethics,64.0
IT2021012,1,Communication Skills,74.2
IT2021012,1,Digital Electronics,80.2
IT2021012,1,Mathematics I,75.7
IT2021012,1,Python Programming,79.0
IT2021012,2,Data Structures,74.6
IT2021012,2,Database Management Systems,73.7
IT2021012,2,Statistics,74.5
IT2021012,2,Web Development,77.5
IT2021012,3,Computer Networks,76.8
IT2021012,3,Operating Systems,80.0
IT2021012,3,Python for Data Analytics,78.6
IT2021012,3,Software Engineering,79.1
IT2021012,4,Artificial Intelligence,75.7
IT2021012,4,Cloud Computing,75.2
IT2021012,4,Data Visualization,78.9
IT2021012,4,Java Programming,72.5
IT2021012,5,Big Data Analytics,75.4
IT2021012,5,Business Intelligence,75.8
IT2021012,5,Cyber Security,75.3
IT2021012,5,Machine Learning,78.8
IT2021012,6,Data Science,84.0
IT2021012,6,Deep Learning,78.0
IT2021012,6,Major Project,74.0
IT2021012,6,Professional Ethics,71.0
IT2021013,1,Communication Skills,76.1
IT2021013,1,Digital Electronics,69.0
IT2021013,1,Mathematics I,59.7
IT2021013,1,Python Programming,69.7
IT2021013,2,Data Structures,65.5
IT2021013,2,Database Management Systems,68.8
IT2021013,2,Statistics,71.7
IT2021013,2,Web Development,71.7
IT2021013,3,Computer Networks,69.8
IT2021013,3,Operating Systems,67.7
IT2021013,3,Python for Data Analytics,68.0
IT2021013,3,Software Engineering,70.3
IT2021013,4,Artificial Intelligence,67.5
IT2021013,4,Cloud Computing,67.7
IT2021013,4,Data Visualization,67.8
IT2021013,4,Java Programming,73.9
IT2021013,5,Big Data Analytics,65.4
IT2021013,5,Business Intelligence,67.0
IT2021013,5,Cyber Security,71.7
IT2021013,5,Machine Learning,66.0
IT2021013,6,Data Science,62.0
IT2021013,6,Deep Learning,78.0
IT2021013,6,Major Project,67.0
IT2021013,6,Professional Ethics,62.0
IT2021014,1,Communication Skills,88.6
IT2021014,1,Digital Electronics,85.5
IT2021014,1,Mathematics I,83.0
IT2021014,1,Python Programming,91.4
IT2021014,2,Data Structures,86.5
IT2021014,2,Database Management Systems,81.7
IT2021014,2,Statistics,90.4
IT2021014,2,Web Development,84.3
IT2021014,3,Computer Networks,87.5
IT2021014,3,Operating Systems,91.5
IT2021014,3,Python for Data Analytics,88.1
IT2021014,3,Software Engineering,89.5
IT2021014,4,Artificial Intelligence,92.9
IT2021014,4,Cloud Computing,86.8
IT2021014,4,Data Visualization,92.0
IT2021014,4,Java Programming,82.1
IT2021014,5,Big Data Analytics,83.6
IT2021014,5,Business Intelligence,86.8
IT2021014,5,Cyber Security,84.8
IT2021014,5,Machine Learning,81.3
IT2021014,6,Data Science,90.0
IT2021014,6,Deep Learning,84.0
IT2021014,6,Major Project,87.0
IT2021014,6,Professional Ethics,92.0
IT2021015,1,Communication Skills,85.1
IT2021015,1,Digital Electronics,78.5
IT2021015,1,Mathematics I,77.7
IT2021015,1,Python Programming,74.7
IT2021015,2,Data Structures,85.7
IT2021015,2,Database Management Systems,79.4
IT2021015,2,Statistics,80.7
IT2021015,2,Web Development,80.9
IT2021015,3,Computer Networks,80.3
IT2021015,3,Operating Systems,78.1
IT2021015,3,Python for Data Analytics,81.2
IT2021015,3,Software Engineering,79.7
IT2021015,4,Artificial Intelligence,74.4
IT2021015,4,Cloud Computing,79.3
IT2021015,4,Data Visualization,79.7
IT2021015,4,Java Programming,80.9
IT2021015,5,Big Data Analytics,82.4
IT2021015,5,Business Intelligence,83.8
IT2021015,5,Cyber Security,82.5
IT2021015,5,Machine Learning,77.2
IT2021015,6,Data Science,89.0
IT2021015,6,Deep Learning,81.0
IT2021015,6,Major Project,70.0
IT2021015,6,Professional Ethics,81.0
IT2021016,1,Communication Skills,74.9
IT2021016,1,Digital Electronics,81.9
IT2021016,1,Mathematics I,80.9
IT2021016,1,Python Programming,81.4
IT2021016,2,Data Structures,76.7
IT2021016,2,Database Management Systems,83.5
IT2021016,2,Statistics,81.0
IT2021016,2,Web Development,79.4
IT2021016,3,Computer Networks,86.3
IT2021016,3,Operating Systems,82.5
IT2021016,3,Python for Data Analytics,77.5
IT2021016,3,Software Engineering,78.7
IT2021016,4,Artificial Intelligence,85.4
IT2021016,4,Cloud Computing,82.0
IT2021016,4,Data Visualization,78.9
IT2021016,4,Java Programming,81.2
IT2021016,5,Big Data Analytics,86.7
IT2021016,5,Business Intelligence,84.7
IT2021016,5,Cyber Security,78.2
IT2021016,5,Machine Learning,86.9
IT2021016,6,Data Science,80.0
IT2021016,6,Deep Learning,89.0
IT2021016,6,Major Project,73.0
IT2021016,6,Professional Ethics,87.0
IT2021017,1,Communication Skills,78.9
IT2021017,1,Digital Electronics,84.2
IT2021017,1,Mathematics I,80.2
IT2021017,1,Python Programming,80.6
IT2021017,2,Data Structures,85.7
IT2021017,2,Database Management Systems,76.3
IT2021017,2,Statistics,80.7
IT2021017,2,Web Development,80.7
IT2021017,3,Computer Networks,80.1
IT2021017,3,Operating Systems,73.9
IT2021017,3,Python for Data Analytics,78.1
IT2021017,3,Software Engineering,78.9
IT2021017,4,Artificial Intelligence,79.2
IT2021017,4,Cloud Computing,80.0
IT2021017,4,Data Visualization,83.3
IT2021017,4,Java Programming,75.9
IT2021017,5,Big Data Analytics,75.8
IT2021017,5,Business Intelligence,83.8
IT2021017,5,Cyber Security,81.7
IT2021017,5,Machine Learning,79.8
IT2021017,6,Data Science,86.0
IT2021017,6,Deep Learning,86.0
IT2021017,6,Major Project,71.0
IT2021017,6,Professional Ethics,76.0
IT2021018,1,Communication Skills,74.8
IT2021018,1,Digital Electronics,68.7
IT2021018,1,Mathematics I,78.0
IT2021018,1,Python Programming,69.8
IT2021018,2,Data Structures,72.7
IT2021018,2,Database Management Systems,69.7
IT2021018,2,Statistics,74.9
IT2021018,2,Web Development,71.5
IT2021018,3,Computer Networks,68.6
IT2021018,3,Operating Systems,76.2
IT2021018,3,Python for Data Analytics,73.6
IT2021018,3,Software Engineering,72.6
IT2021018,4,Artificial Intelligence,75.6
IT2021018,4,Cloud Computing,74.2
IT2021018,4,Data Visualization,71.7
IT2021018,4,Java Programming,70.1
IT2021018,5,Big Data Analytics,73.0
IT2021018,5,Business Intelligence,71.3
IT2021018,5,Cyber Security,77.9
IT2021018,5,Machine Learning,71.7
IT2021018,6,Data Science,77.0
IT2021018,6,Deep Learning,62.0
IT2021018,6,Major Project,80.0
IT2021018,6,Professional Ethics,80.0
IT2021019,1,Communication Skills,79.0
IT2021019,1,Digital Electronics,82.9
IT2021019,1,Mathematics I,78.6
IT2021019,1,Python Programming,79.6
IT2021019,2,Data Structures,77.8
IT2021019,2,Database Management Systems,72.3
IT2021019,2,Statistics,79.3
IT2021019,2,Web Development,81.0
IT2021019,3,Computer Networks,84.3
IT2021019,3,Operating Systems,82.3
IT2021019,3,Python for Data Analytics,81.0
IT2021019,3,Software Engineering,80.6
IT2021019,4,Artificial Intelligence,82.5
IT2021019,4,Cloud Computing,79.1
IT2021019,4,Data Visualization,79.0
IT2021019,4,Java Programming,81.9
IT2021019,5,Big Data Analytics,81.8
IT2021019,5,Business Intelligence,80.7
IT2021019,5,Cyber Security,80.4
IT2021019,5,Machine Learning,82.9
IT2021019,6,Data Science,87.0
IT2021019,6,Deep Learning,83.0
IT2021019,6,Major Project,72.0
IT2021019,6,Professional Ethics,84.0
IT2021020,1,Communication Skills,79.2
IT2021020,1,Digital Electronics,75.2
IT2021020,1,Mathematics I,68.4
IT2021020,1,Python Programming,74.0
IT2021020,2,Data Structures,73.7
IT2021020,2,Database Management Systems,76.0
IT2021020,2,Statistics,82.7
IT2021020,2,Web Development,78.4
IT2021020,3,Computer Networks,75.1
IT2021020,3,Operating Systems,76.8
IT2021020,3,Python for Data Analytics,67.6
IT2021020,3,Software Engineering,77.3
IT2021020,4,Artificial Intelligence,73.2
IT2021020,4,Cloud Computing,74.2
IT2021020,4,Data Visualization,78.8
IT2021020,4,Java Programming,72.9
IT2021020,5,Big Data Analytics,76.9
IT2021020,5,Business Intelligence,73.1
IT2021020,5,Cyber Security,71.9
IT2021020,5,Machine Learning,79.9
IT2021020,6,Data Science,75.0
IT2021020,6,Deep Learning,72.0
IT2021020,6,Major Project,72.0
IT2021020,6,Professional Ethics,83.0
IT2021021,1,Communication Skills,78.3
IT2021021,1,Digital Electronics,69.1
IT2021021,1,Mathematics I,71.9
IT2021021,1,Python Programming,67.4
IT2021021,2,Data Structures,75.0
IT2021021,2,Database Management Systems,77.9
IT2021021,2,Statistics,75.8
IT2021021,2,Web Development,69.9
IT2021021,3,Computer Networks,69.8
IT2021021,3,Operating Systems,72.8
IT2021021,3,Python for Data Analytics,76.1
IT2021021,3,Software Engineering,80.4
IT2021021,4,Artificial Intelligence,73.3
IT2021021,4,Cloud Computing,73.7
IT2021021,4,Data Visualization,74.5
IT2021021,4,Java Programming,72.1
IT2021021,5,Big Data Analytics,64.4
IT2021021,5,Business Intelligence,73.8
IT2021021,5,Cyber Security,75.2
IT2021021,5,Machine Learning,73.8
IT2021021,6,Data Science,70.0
IT2021021,6,Deep Learning,80.0
IT2021021,6,Major Project,63.0
IT2021021,6,Professional Ethics,80.0
IT2021022,1,Communication Skills,88.5
IT2021022,1,Digital Electronics,82.9
IT2021022,1,Mathematics I,86.3
IT2021022,1,Python Programming,80.0
IT2021022,2,Data Structures,87.7
IT2021022,2,Database Management Systems,84.8
IT2021022,2,Statistics,83.4
IT2021022,2,Web Development,85.3
IT2021022,3,Computer Networks,85.3
IT2021022,3,Operating Systems,83.7
IT2021022,3,Python for Data Analytics,93.8
IT2021022,3,Software Engineering,82.5
IT2021022,4,Artificial Intelligence,83.6
IT2021022,4,Cloud Computing,90.6
IT2021022,4,Data Visualization,89.0
IT2021022,4,Java Programming,88.9
IT2021022,5,Big Data Analytics,83.0
IT2021022,5,Business Intelligence,88.8
IT2021022,5,Cyber Security,83.3
IT2021022,5,Machine Learning,87.1
IT2021022,6,Data Science,82.0
IT2021022,6,Deep Learning,83.0
IT2021022,6,Major Project,87.0
IT2021022,6,Professional Ethics,86.0
IT2021023,1,Communication Skills,77.0
IT2021023,1,Digital Electronics,80.1
IT2021023,1,Mathematics I,79.1
IT2021023,1,Python Programming,84.1
IT2021023,2,Data Structures,79.8
IT2021023,2,Database Management Systems,74.9
IT2021023,2,Statistics,77.0
IT2021023,2,Web Development,80.4
IT2021023,3,Computer Networks,79.5
IT2021023,3,Operating Systems,82.4
IT2021023,3,Python for Data Analytics,81.1
IT2021023,3,Software Engineering,75.4
IT2021023,4,Artificial Intelligence,78.7
IT2021023,4,Cloud Computing,78.2
IT2021023,4,Data Visualization,81.8
IT2021023,4,Java Programming,81.2
IT2021023,5,Big Data Analytics,74.6
IT2021023,5,Business Intelligence,83.2
IT2021023,5,Cyber Security,78.7
IT2021023,5,Machine Learning,84.7
IT2021023,6,Data Science,84.0
IT2021023,6,Deep Learning,72.0
IT2021023,6,Major Project,70.0
IT2021023,6,Professional Ethics,87.0
IT2021024,1,Communication Skills,80.1
IT2021024,1,Digital Electronics,83.5
IT2021024,1,Mathematics I,84.6
IT2021024,1,Python Programming,80.6
IT2021024,2,Data Structures,81.4
IT2021024,2,Database Management Systems,79.4
IT2021024,2,Statistics,80.1
IT2021024,2,Web Development,79.3
IT2021024,3,Computer Networks,82.3
IT2021024,3,Operating Systems,81.8
IT2021024,3,Python for Data Analytics,81.0
IT2021024,3,Software Engineering,76.5
IT2021024,4,Artificial Intelligence,80.3
IT2021024,4,Cloud Computing,76.0
IT2021024,4,Data Visualization,77.2
IT2021024,4,Java Programming,82.1
IT2021024,5,Big Data Analytics,86.4
IT2021024,5,Business Intelligence,80.8
IT2021024,5,Cyber Security,80.0
IT2021024,5,Machine Learning,82.8
IT2021024,6,Data Science,74.0
IT2021024,6,Deep Learning,82.0
IT2021024,6,Major Project,81.0
IT2021024,6,Professional Ethics,87.0
IT2021025,1,Communication Skills,89.1
IT2021025,1,Digital Electronics,86.7
IT2021025,1,Mathematics I,83.5
IT2021025,1,Python Programming,85.3
IT2021025,2,Data Structures,84.7
IT2021025,2,Database Management Systems,89.1
IT2021025,2,Statistics,85.7
IT2021025,2,Web Development,92.8
IT2021025,3,Computer Networks,88.3
IT2021025,3,Operating Systems,85.1
IT2021025,3,Python for Data Analytics,87.6
IT2021025,3,Software Engineering,85.4
IT2021025,4,Artificial Intelligence,81.9
IT2021025,4,Cloud Computing,83.1
IT2021025,4,Data Visualization,85.5
IT2021025,4,Java Programming,88.9
IT2021025,5,Big Data Analytics,86.0
IT2021025,5,Business Intelligence,89.9
IT2021025,5,Cyber Security,86.5
IT2021025,5,Machine Learning,81.8
IT2021025,6,Data Science,91.0
IT2021025,6,Deep Learning,82.0
IT2021025,6,Major Project,90.0
IT2021025,6,Professional Ethics,85.0
IT2021026,1,Communication Skills,74.9
IT2021026,1,Digital Electronics,80.1
IT2021026,1,Mathematics I,77.0
IT2021026,1,Python Programming,78.1
IT2021026,2,Data Structures,77.3
IT2021026,2,Database Management Systems,75.8
IT2021026,2,Statistics,76.1
IT2021026,2,Web Development,81.4
IT2021026,3,Computer Networks,76.7
IT2021026,3,Operating Systems,79.4
IT2021026,3,Python for Data Analytics,81.3
IT2021026,3,Software Engineering,81.5
IT2021026,4,Artificial Intelligence,80.5
IT2021026,4,Cloud Computing,76.5
IT2021026,4,Data Visualization,71.3
IT2021026,4,Java Programming,79.4
IT2021026,5,Big Data Analytics,76.8
IT2021026,5,Business Intelligence,82.2
IT2021026,5,Cyber Security,74.5
IT2021026,5,Machine Learning,69.9
IT2021026,6,Data Science,75.0
IT2021026,6,Deep Learning,83.0
IT2021026,6,Major Project,78.0
IT2021026,6,Professional Ethics,75.0
IT2021027,1,Communication Skills,90.6
IT2021027,1,Digital Electronics,97.2
IT2021027,1,Mathematics I,86.3
IT2021027,1,Python Programming,84.2
IT2021027,2,Data Structures,82.3
IT2021027,2,Database Management Systems,78.3
IT2021027,2,Statistics,86.1
IT2021027,2,Web Development,87.0
IT2021027,3,Computer Networks,87.6
IT2021027,3,Operating Systems,86.1
IT2021027,3,Python for Data Analytics,86.4
IT2021027,3,Software Engineering,83.4
IT2021027,4,Artificial Intelligence,80.9
IT2021027,4,Cloud Computing,88.2
IT2021027,4,Data Visualization,83.6
IT2021027,4,Java Programming,92.4
IT2021027,5,Big Data Analytics,85.3
IT2021027,5,Business Intelligence,91.7
IT2021027,5,Cyber Security,85.7
IT2021027,5,Machine Learning,82.2
IT2021027,6,Data Science,89.0
IT2021027,6,Deep Learning,95.0
IT2021027,6,Major Project,83.0
IT2021027,6,Professional Ethics,83.0
IT2021028,1,Communication Skills,67.3
IT2021028,1,Digital Electronics,69.6
IT2021028,1,Mathematics I,74.9
IT2021028,1,Python Programming,73.2
IT2021028,2,Data Structures,73.3
IT2021028,2,Database Management Systems,70.1
IT2021028,2,Statistics,75.7
IT2021028,2,Web Development,72.8
IT2021028,3,Computer Networks,64.7
IT2021028,3,Operating Systems,73.4
IT2021028,3,Python for Data Analytics,71.3
IT2021028,3,Software Engineering,71.3
IT2021028,4,Artificial Intelligence,69.7
IT2021028,4,Cloud Computing,72.1
IT2021028,4,Data Visualization,74.3
IT2021028,4,Java Programming,73.0
IT2021028,5,Big Data Analytics,70.1
IT2021028,5,Business Intelligence,70.0
IT2021028,5,Cyber Security,70.9
IT2021028,5,Machine Learning,69.6
IT2021028,6,Data Science,71.0
IT2021028,6,Deep Learning,66.0
IT2021028,6,Major Project,80.0
IT2021028,6,Professional Ethics,69.0
IT2021029,1,Communication Skills,97.5
IT2021029,1,Digital Electronics,99.0
IT2021029,1,Mathematics I,95.0
IT2021029,1,Python Programming,95.6
IT2021029,2,Data Structures,94.2
IT2021029,2,Database Management Systems,93.9
IT2021029,2,Statistics,94.1
IT2021029,2,Web Development,99.0
IT2021029,3,Computer Networks,93.3
IT2021029,3,Operating Systems,94.6
IT2021029,3,Python for Data Analytics,93.5
IT2021029,3,Software Engineering,92.0
IT2021029,4,Artificial Intelligence,91.0
IT2021029,4,Cloud Computing,94.5
IT2021029,4,Data Visualization,95.1
IT2021029,4,Java Programming,89.1
IT2021029,5,Big Data Analytics,94.9
IT2021029,5,Business Intelligence,95.6
IT2021029,5,Cyber Security,99.0
IT2021029,5,Machine Learning,96.3
IT2021029,6,Data Science,97.0
IT2021029,6,Deep Learning,93.0
IT2021029,6,Major Project,99.0
IT2021029,6,Professional Ethics,95.0
IT2021030,1,Communication Skills,73.9
IT2021030,1,Digital Electronics,76.6
IT2021030,1,Mathematics I,73.0
IT2021030,1,Python Programming,76.5
IT2021030,2,Data Structures,76.9
IT2021030,2,Database Management Systems,71.4
IT2021030,2,Statistics,74.5
IT2021030,2,Web Development,76.1
IT2021030,3,Computer Networks,73.7
IT2021030,3,Operating Systems,72.3
IT2021030,3,Python for Data Analytics,76.5
IT2021030,3,Software Engineering,76.1
IT2021030,4,Artificial Intelligence,72.6
IT2021030,4,Cloud Computing,74.1
IT2021030,4,Data Visualization,73.5
IT2021030,4,Java Programming,75.6
IT2021030,5,Big Data Analytics,78.6
IT2021030,5,Business Intelligence,78.8
IT2021030,5,Cyber Security,76.0
IT2021030,5,Machine Learning,74.2
IT2021030,6,Data Science,77.0
IT2021030,6,Deep Learning,70.0
IT2021030,6,Major Project,81.0
IT2021030,6,Professional Ethics,80.0
IT2021031,1,Communication Skills,66.1
IT2021031,1,Digital Electronics,68.5
IT2021031,1,Mathematics I,74.3
IT2021031,1,Python Programming,74.1
IT2021031,2,Data Structures,70.1
IT2021031,2,Database Management Systems,71.6
IT2021031,2,Statistics,72.0
IT2021031,2,Web Development,66.8
IT2021031,3,Computer Networks,67.9
IT2021031,3,Operating Systems,70.3
IT2021031,3,Python for Data Analytics,70.6
IT2021031,3,Software Engineering,72.9
IT2021031,4,Artificial Intelligence,71.2
IT2021031,4,Cloud Computing,70.4
IT2021031,4,Data Visualization,72.8
IT2021031,4,Java Programming,66.4
IT2021031,5,Big Data Analytics,79.5
IT2021031,5,Business Intelligence,69.0
IT2021031,5,Cyber Security,69.6
IT2021031,5,Machine Learning,67.2
IT2021031,6,Data Science,69.0
IT2021031,6,Deep Learning,74.0
IT2021031,6,Major Project,63.0
IT2021031,6,Professional Ethics,79.0
IT2021032,1,Communication Skills,73.4
IT2021032,1,Digital Electronics,69.3
IT2021032,1,Mathematics I,71.9
IT2021032,1,Python Programming,73.5
IT2021032,2,Data Structures,73.4
IT2021032,2,Database Management Systems,68.7
IT2021032,2,Statistics,71.0
IT2021032,2,Web Development,70.7
IT2021032,3,Computer Networks,73.4
IT2021032,3,Operating Systems,71.4
IT2021032,3,Python for Data Analytics,62.7
IT2021032,3,Software Engineering,69.6
IT2021032,4,Artificial Intelligence,66.0
IT2021032,4,Cloud Computing,67.3
IT2021032,4,Data Visualization,70.2
IT2021032,4,Java Programming,68.1
IT2021032,5,Big Data Analytics,66.9
IT2021032,5,Business Intelligence,74.3
IT2021032,5,Cyber Security,65.9
IT2021032,5,Machine Learning,67.9
IT2021032,6,Data Science,66.0
IT2021032,6,Deep Learning,68.0
IT2021032,6,Major Project,80.0
IT2021032,6,Professional Ethics,62.0
IT2021033,1,Communication Skills,86.7
IT2021033,1,Digital Electronics,86.4
IT2021033,1,Mathematics I,88.9
IT2021033,1,Python Programming,79.7
IT2021033,2,Data Structures,85.4
IT2021033,2,Database Management Systems,84.4
IT2021033,2,Statistics,85.2
IT2021033,2,Web Development,87.7
IT2021033,3,Computer Networks,89.3
IT2021033,3,Operating Systems,82.8
IT2021033,3,Python for Data Analytics,86.4
IT2021033,3,Software Engineering,89.8
IT2021033,4,Artificial Intelligence,83.4
IT2021033,4,Cloud Computing,87.0
IT2021033,4,Data Visualization,87.8
IT2021033,4,Java Programming,88.8
IT2021033,5,Big Data Analytics,88.3
IT2021033,5,Business Intelligence,85.7
IT2021033,5,Cyber Security,90.8
IT2021033,5,Machine Learning,87.8
IT2021033,6,Data Science,91.0
IT2021033,6,Deep Learning,92.0
IT2021033,6,Major Project,85.0
IT2021033,6,Professional Ethics,86.0
IT2021034,1,Communication Skills,76.5
IT2021034,1,Digital Electronics,74.3
IT2021034,1,Mathematics I,75.4
IT2021034,1,Python Programming,73.0
IT2021034,2,Data Structures,75.4
IT2021034,2,Database Management Systems,75.1
IT2021034,2,Statistics,78.6
IT2021034,2,Web Development,74.0
IT2021034,3,Computer Networks,74.8
IT2021034,3,Operating Systems,74.5
IT2021034,3,Python for Data Analytics,68.8
IT2021034,3,Software Engineering,73.1
IT2021034,4,Artificial Intelligence,75.7
IT2021034,4,Cloud Computing,75.2
IT2021034,4,Data Visualization,78.1
IT2021034,4,Java Programming,70.0
IT2021034,5,Big Data Analytics,75.2
IT2021034,5,Business Intelligence,77.6
IT2021034,5,Cyber Security,79.6
IT2021034,5,Machine Learning,78.4
IT2021034,6,Data Science,72.0
IT2021034,6,Deep Learning,75.0
IT2021034,6,Major Project,78.0
IT2021034,6,Professional Ethics,74.0
IT2021035,1,Communication Skills,68.0
IT2021035,1,Digital Electronics,68.8
IT2021035,1,Mathematics I,67.9
IT2021035,1,Python Programming,67.4
IT2021035,2,Data Structures,67.4
IT2021035,2,Database Management Systems,64.7
IT2021035,2,Statistics,63.8
IT2021035,2,Web Development,67.8
IT2021035,3,Computer Networks,67.4
IT2021035,3,Operating Systems,71.0
IT2021035,3,Python for Data Analytics,67.9
IT2021035,3,Software Engineering,71.1
IT2021035,4,Artificial Intelligence,73.3
IT2021035,4,Cloud Computing,71.4
IT2021035,4,Data Visualization,72.4
IT2021035,4,Java Programming,69.5
IT2021035,5,Big Data Analytics,73.6
IT2021035,5,Business Intelligence,70.6
IT2021035,5,Cyber Security,67.7
IT2021035,5,Machine Learning,69.4
IT2021035,6,Data Science,76.0
IT2021035,6,Deep Learning,62.0
IT2021035,6,Major Project,67.0
IT2021035,6,Professional Ethics,76.0
IT2021036,1,Communication Skills,78.4
IT2021036,1,Digital Electronics,77.4
IT2021036,1,Mathematics I,78.8
IT2021036,1,Python Programming,76.9
IT2021036,2,Data Structures,76.9
IT2021036,2,Database Management Systems,75.9
IT2021036,2,Statistics,83.6
IT2021036,2,Web Development,81.9
IT2021036,3,Computer Networks,77.5
IT2021036,3,Operating Systems,83.8
IT2021036,3,Python for Data Analytics,83.1
IT2021036,3,Software Engineering,79.5
IT2021036,4,Artificial Intelligence,82.6
IT2021036,4,Cloud Computing,76.4
IT2021036,4,Data Visualization,85.3
IT2021036,4,Java Programming,81.3
IT2021036,5,Big Data Analytics,82.1
IT2021036,5,Business Intelligence,83.7
IT2021036,5,Cyber Security,77.5
IT2021036,5,Machine Learning,79.6
IT2021036,6,Data Science,88.0
IT2021036,6,Deep Learning,75.0
IT2021036,6,Major Project,85.0
IT2021036,6,Professional Ethics,77.0
IT2021037,1,Communication Skills,76.0
IT2021037,1,Digital Electronics,77.4
IT2021037,1,Mathematics I,68.9
IT2021037,1,Python Programming,78.4
IT2021037,2,Data Structures,77.9
IT2021037,2,Database Management Systems,73.2
IT2021037,2,Statistics,76.7
IT2021037,2,Web Development,77.0
IT2021037,3,Computer Networks,81.6
IT2021037,3,Operating Systems,78.1
IT2021037,3,Python for Data Analytics,79.7
IT2021037,3,Software Engineering,76.1
IT2021037,4,Artificial Intelligence,80.5
IT2021037,4,Cloud Computing,81.9
IT2021037,4,Data Visualization,72.8
IT2021037,4,Java Programming,76.3
IT2021037,5,Big Data Analytics,77.4
IT2021037,5,Business Intelligence,77.4
IT2021037,5,Cyber Security,79.8
IT2021037,5,Machine Learning,72.5
IT2021037,6,Data Science,77.0
IT2021037,6,Deep Learning,72.0
IT2021037,6,Major Project,76.0
IT2021037,6,Professional Ethics,85.0
IT2021038,1,Communication Skills,70.9
IT2021038,1,Digital Electronics,68.6
IT2021038,1,Mathematics I,64.9
IT2021038,1,Python Programming,74.9
IT2021038,2,Data Structures,69.0
IT2021038,2,Database Management Systems,70.3
IT2021038,2,Statistics,64.2
IT2021038,2,Web Development,66.3
IT2021038,3,Computer Networks,67.7
IT2021038,3,Operating Systems,65.5
IT2021038,3,Python for Data Analytics,68.2
IT2021038,3,Software Engineering,66.5
IT2021038,4,Artificial Intelligence,65.9
IT2021038,4,Cloud Computing,71.5
IT2021038,4,Data Visualization,70.9
IT2021038,4,Java Programming,66.0
IT2021038,5,Big Data Analytics,67.1
IT2021038,5,Business Intelligence,70.9
IT2021038,5,Cyber Security,68.0
IT2021038,5,Machine Learning,65.0
IT2021038,6,Data Science,76.0
IT2021038,6,Deep Learning,61.0
IT2021038,6,Major Project,68.0
IT2021038,6,Professional Ethics,65.0
IT2021039,1,Communication Skills,96.0
IT2021039,1,Digital Electronics,99.0
IT2021039,1,Mathematics I,91.9
IT2021039,1,Python Programming,95.4
IT2021039,2,Data Structures,94.8
IT2021039,2,Database Management Systems,92.5
IT2021039,2,Statistics,96.4
IT2021039,2,Web Development,91.3
IT2021039,3,Computer Networks,97.1
IT2021039,3,Operating Systems,89.8
IT2021039,3,Python for Data Analytics,95.2
IT2021039,3,Software Engineering,97.2
IT2021039,4,Artificial Intelligence,98.7
IT2021039,4,Cloud Computing,99.0
IT2021039,4,Data Visualization,94.8
IT2021039,4,Java Programming,99.0
IT2021039,5,Big Data Analytics,97.1
IT2021039,5,Business Intelligence,95.7
IT2021039,5,Cyber Security,96.9
IT2021039,5,Machine Learning,90.3
IT2021039,6,Data Science,98.0
IT2021039,6,Deep Learning,95.0
IT2021039,6,Major Project,93.0
IT2021039,6,Professional Ethics,95.0
IT2021040,1,Communication Skills,78.5
IT2021040,1,Digital Electronics,77.2
IT2021040,1,Mathematics I,80.2
IT2021040,1,Python Programming,75.7
IT2021040,2,Data Structures,75.8
IT2021040,2,Database Management Systems,77.8
IT2021040,2,Statistics,82.0
IT2021040,2,Web Development,75.2
IT2021040,3,Computer Networks,76.3
IT2021040,3,Operating Systems,78.1
IT2021040,3,Python for Data Analytics,77.2
IT2021040,3,Software Engineering,78.3
IT2021040,4,Artificial Intelligence,75.5
IT2021040,4,Cloud Computing,80.5
IT2021040,4,Data Visualization,77.5
IT2021040,4,Java Programming,77.0
IT2021040,5,Big Data Analytics,77.6
IT2021040,5,Business Intelligence,78.5
IT2021040,5,Cyber Security,77.7
IT2021040,5,Machine Learning,79.6
IT2021040,6,Data Science,74.0
IT2021040,6,Deep Learning,85.0
IT2021040,6,Major Project,77.0
IT2021040,6,Professional Ethics,78.0
IT2021041,1,Communication Skills,88.6
IT2021041,1,Digital Electronics,90.6
IT2021041,1,Mathematics I,90.0
IT2021041,1,Python Programming,91.5
IT2021041,2,Data Structures,95.6
IT2021041,2,Database Management Systems,92.8
IT2021041,2,Statistics,88.1
IT2021041,2,Web Development,87.7
IT2021041,3,Computer Networks,96.1
IT2021041,3,Operating Systems,88.1
IT2021041,3,Python for Data Analytics,90.1
IT2021041,3,Software Engineering,91.1
IT2021041,4,Artificial Intelligence,90.4
IT2021041,4,Cloud Computing,90.6
IT2021041,4,Data Visualization,92.7
IT2021041,4,Java Programming,92.6
IT2021041,5,Big Data Analytics,88.7
IT2021041,5,Business Intelligence,88.2
IT2021041,5,Cyber Security,92.7
IT2021041,5,Machine Learning,89.4
IT2021041,6,Data Science,91.0
IT2021041,6,Deep Learning,84.0
IT2021041,6,Major Project,92.0
IT2021041,6,Professional Ethics,94.0
IT2021042,1,Communication Skills,99.0
IT2021042,1,Digital Electronics,89.6
IT2021042,1,Mathematics I,89.2
IT2021042,1,Python Programming,95.8
IT2021042,2,Data Structures,94.5
IT2021042,2,Database Management Systems,95.8
IT2021042,2,Statistics,95.9
IT2021042,2,Web Development,92.0
IT2021042,3,Computer Networks,93.9
IT2021042,3,Operating Systems,94.6
IT2021042,3,Python for Data Analytics,92.1
IT2021042,3,Software Engineering,93.2
IT2021042,4,Artificial Intelligence,94.1
IT2021042,4,Cloud Computing,92.5
IT2021042,4,Data Visualization,93.9
IT2021042,4,Java Programming,98.1
IT2021042,5,Big Data Analytics,99.0
IT2021042,5,Business Intelligence,91.3
IT2021042,5,Cyber Security,90.5
IT2021042,5,Machine Learning,92.2
IT2021042,6,Data Science,97.0
IT2021042,6,Deep Learning,97.0
IT2021042,6,Major Project,100.0
IT2021042,6,Professional Ethics,90.0
IT2021043,1,Communication Skills,84.2
IT2021043,1,Digital Electronics,87.7
IT2021043,1,Mathematics I,88.1
IT2021043,1,Python Programming,87.7
IT2021043,2,Data Structures,87.3
IT2021043,2,Database Management Systems,89.2
IT2021043,2,Statistics,85.5
IT2021043,2,Web Development,82.0
IT2021043,3,Computer Networks,84.9
IT2021043,3,Operating Systems,87.5
IT2021043,3,Python for Data Analytics,85.3
IT2021043,3,Software Engineering,82.6
IT2021043,4,Artificial Intelligence,85.6
IT2021043,4,Cloud Computing,86.6
IT2021043,4,Data Visualization,89.4
IT2021043,4,Java Programming,84.7
IT2021043,5,Big Data Analytics,82.3
IT2021043,5,Business Intelligence,80.9
IT2021043,5,Cyber Security,87.0
IT2021043,5,Machine Learning,85.6
IT2021043,6,Data Science,84.0
IT2021043,6,Deep Learning,84.0
IT2021043,6,Major Project,90.0
IT2021043,6,Professional Ethics,84.0
IT2021044,1,Communication Skills,77.3
IT2021044,1,Digital Electronics,82.7
IT2021044,1,Mathematics I,82.1
IT2021044,1,Python Programming,82.9
IT2021044,2,Data Structures,80.0
IT2021044,2,Database Management Systems,82.7
IT2021044,2,Statistics,79.3
IT2021044,2,Web Development,78.2
IT2021044,3,Computer Networks,83.5
IT2021044,3,Operating Systems,81.7
IT2021044,3,Python for Data Analytics,82.0
IT2021044,3,Software Engineering,77.7
IT2021044,4,Artificial Intelligence,79.0
IT2021044,4,Cloud Computing,85.2
IT2021044,4,Data Visualization,81.9
IT2021044,4,Java Programming,80.7
IT2021044,5,Big Data Analytics,78.9
IT2021044,5,Business Intelligence,81.3
IT2021044,5,Cyber Security,84.8
IT2021044,5,Machine Learning,82.6
IT2021044,6,Data Science,82.0
IT2021044,6,Deep Learning,78.0
IT2021044,6,Major Project,79.0
IT2021044,6,Professional Ethics,84.0
IT2021045,1,Communication Skills,90.6
IT2021045,1,Digital Electronics,91.8
IT2021045,1,Mathematics I,92.4
IT2021045,1,Python Programming,89.6
IT2021045,2,Data Structures,87.1
IT2021045,2,Database Management Systems,91.0
IT2021045,2,Statistics,90.3
IT2021045,2,Web Development,88.1
IT2021045,3,Computer Networks,92.8
IT2021045,3,Operating Systems,91.5
IT2021045,3,Python for Data Analytics,85.7
IT2021045,3,Software Engineering,97.5
IT2021045,4,Artificial Intelligence,89.2
IT2021045,4,Cloud Computing,84.8
IT2021045,4,Data Visualization,91.3
IT2021045,4,Java Programming,91.5
IT2021045,5,Big Data Analytics,89.3
IT2021045,5,Business Intelligence,87.5
IT2021045,5,Cyber Security,93.0
IT2021045,5,Machine Learning,89.3
IT2021045,6,Data Science,85.0
IT2021045,6,Deep Learning,95.0
IT2021045,6,Major Project,91.0
IT2021045,6,Professional Ethics,95.0
IT2021046,1,Communication Skills,68.9
IT2021046,1,Digital Electronics,75.1
IT2021046,1,Mathematics I,74.9
IT2021046,1,Python Programming,71.2
IT2021046,2,Data Structures,69.5
IT2021046,2,Database Management Systems,79.7
IT2021046,2,Statistics,76.6
IT2021046,2,Web Development,75.1
IT2021046,3,Computer Networks,73.5
IT2021046,3,Operating Systems,74.2
IT2021046,3,Python for Data Analytics,77.4
IT2021046,3,Software Engineering,69.0
IT2021046,4,Artificial Intelligence,75.2
IT2021046,4,Cloud Computing,76.4
IT2021046,4,Data Visualization,73.3
IT2021046,4,Java Programming,72.7
IT2021046,5,Big Data Analytics,72.2
IT2021046,5,Business Intelligence,70.2
IT2021046,5,Cyber Security,76.6
IT2021046,5,Machine Learning,67.7
IT2021046,6,Data Science,70.0
IT2021046,6,Deep Learning,76.0
IT2021046,6,Major Project,78.0
IT2021046,6,Professional Ethics,72.0
IT2021047,1,Communication Skills,81.7
IT2021047,1,Digital Electronics,75.6
IT2021047,1,Mathematics I,79.9
IT2021047,1,Python Programming,81.5
IT2021047,2,Data Structures,79.2
IT2021047,2,Database Management Systems,84.7
IT2021047,2,Statistics,79.5
IT2021047,2,Web Development,82.2
IT2021047,3,Computer Networks,79.4
IT2021047,3,Operating Systems,79.6
IT2021047,3,Python for Data Analytics,79.5
IT2021047,3,Software Engineering,81.3
IT2021047,4,Artificial Intelligence,81.0
IT2021047,4,Cloud Computing,72.9
IT2021047,4,Data Visualization,82.3
IT2021047,4,Java Programming,80.7
IT2021047,5,Big Data Analytics,81.0
IT2021047,5,Business Intelligence,77.2
IT2021047,5,Cyber Security,76.5
IT2021047,5,Machine Learning,78.1
IT2021047,6,Data Science,86.0
IT2021047,6,Deep Learning,73.0
IT2021047,6,Major Project,74.0
IT2021047,6,Professional Ethics,85.0
IT2021048,1,Communication Skills,83.8
IT2021048,1,Digital Electronics,82.6
IT2021048,1,Mathematics I,80.4
IT2021048,1,Python Programming,89.9
IT2021048,2,Data Structures,82.5
IT2021048,2,Database Management Systems,79.5
IT2021048,2,Statistics,85.2
IT2021048,2,Web Development,83.6
IT2021048,3,Computer Networks,90.4
IT2021048,3,Operating Systems,87.9
IT2021048,3,Python for Data Analytics,85.1
IT2021048,3,Software Engineering,84.5
IT2021048,4,Artificial Intelligence,89.2
IT2021048,4,Cloud Computing,86.8
IT2021048,4,Data Visualization,79.0
IT2021048,4,Java Programming,83.4
IT2021048,5,Big Data Analytics,86.7
IT2021048,5,Business Intelligence,85.6
IT2021048,5,Cyber Security,82.7
IT2021048,5,Machine Learning,85.7
IT2021048,6,Data Science,85.0
IT2021048,6,Deep Learning,87.0
IT2021048,6,Major Project,87.0
IT2021048,6,Professional Ethics,83.0
IT2021049,1,Communication Skills,85.8
IT2021049,1,Digital Electronics,76.1
IT2021049,1,Mathematics I,77.3
IT2021049,1,Python Programming,85.8
IT2021049,2,Data Structures,84.8
IT2021049,2,Database Management Systems,82.9
IT2021049,2,Statistics,80.7
IT2021049,2,Web Development,87.1
IT2021049,3,Computer Networks,74.1
IT2021049,3,Operating Systems,76.1
IT2021049,3,Python for Data Analytics,79.7
IT2021049,3,Software Engineering,81.7
IT2021049,4,Artificial Intelligence,79.3
IT2021049,4,Cloud Computing,78.6
IT2021049,4,Data Visualization,79.7
IT2021049,4,Java Programming,74.8
IT2021049,5,Big Data Analytics,80.4
IT2021049,5,Business Intelligence,80.3
IT2021049,5,Cyber Security,81.1
IT2021049,5,Machine Learning,73.2
IT2021049,6,Data Science,85.0
IT2021049,6,Deep Learning,71.0
IT2021049,6,Major Project,88.0
IT2021049,6,Professional Ethics,74.0
IT2021050,1,Communication Skills,68.1
IT2021050,1,Digital Electronics,67.7
IT2021050,1,Mathematics I,63.4
IT2021050,1,Python Programming,67.0
IT2021050,2,Data Structures,72.3
IT2021050,2,Database Management Systems,65.8
IT2021050,2,Statistics,68.9
IT2021050,2,Web Development,64.3
IT2021050,3,Computer Networks,66.1
IT2021050,3,Operating Systems,71.2
IT2021050,3,Python for Data Analytics,69.0
IT2021050,3,Software Engineering,72.7
IT2021050,4,Artificial Intelligence,68.2
IT2021050,4,Cloud Computing,71.6
IT2021050,4,Data Visualization,65.8
IT2021050,4,Java Programming,65.9
IT2021050,5,Big Data Analytics,71.5
IT2021050,5,Business Intelligence,70.1
IT2021050,5,Cyber Security,71.7
IT2021050,5,Machine Learning,69.3
IT2021050,6,Data Science,79.0
IT2021050,6,Deep Learning,67.0
IT2021050,6,Major Project,68.0
IT2021050,6,Professional Ethics,60.0
IT2021051,1,Communication Skills,96.1
IT2021051,1,Digital Electronics,91.6
IT2021051,1,Mathematics I,93.0
IT2021051,1,Python Programming,96.6
IT2021051,2,Data Structures,98.1
IT2021051,2,Database Management Systems,96.5
IT2021051,2,Statistics,96.1
IT2021051,2,Web Development,95.9
IT2021051,3,Computer Networks,96.2
IT2021051,3,Operating Systems,90.6
IT2021051,3,Python for Data Analytics,99.0
IT2021051,3,Software Engineering,92.6
IT2021051,4,Artificial Intelligence,95.7
IT2021051,4,Cloud Computing,99.0
IT2021051,4,Data Visualization,97.6
IT2021051,4,Java Programming,95.6
IT2021051,5,Big Data Analytics,98.2
IT2021051,5,Business Intelligence,93.8
IT2021051,5,Cyber Security,92.4
IT2021051,5,Machine Learning,99.0
IT2021051,6,Data Science,100.0
IT2021051,6,Deep Learning,98.0
IT2021051,6,Major Project,96.0
IT2021051,6,Professional Ethics,92.0
IT2021052,1,Communication Skills,89.5
IT2021052,1,Digital Electronics,90.3
IT2021052,1,Mathematics I,90.0
IT2021052,1,Python Programming,93.8
IT2021052,2,Data Structures,94.7
IT2021052,2,Database Management Systems,95.7
IT2021052,2,Statistics,87.2
IT2021052,2,Web Development,92.1
IT2021052,3,Computer Networks,88.3
IT2021052,3,Operating Systems,99.0
IT2021052,3,Python for Data Analytics,91.9
IT2021052,3,Software Engineering,91.7
IT2021052,4,Artificial Intelligence,91.8
IT2021052,4,Cloud Computing,92.3
IT2021052,4,Data Visualization,93.3
IT2021052,4,Java Programming,89.9
IT2021052,5,Big Data Analytics,94.2
IT2021052,5,Business Intelligence,94.1
IT2021052,5,Cyber Security,85.2
IT2021052,5,Machine Learning,88.2
IT2021052,6,Data Science,95.0
IT2021052,6,Deep Learning,91.0
IT2021052,6,Major Project,91.0
IT2021052,6,Professional Ethics,86.0
IT2021053,1,Communication Skills,92.5
IT2021053,1,Digital Electronics,91.5
IT2021053,1,Mathematics I,93.5
IT2021053,1,Python Programming,88.4
IT2021053,2,Data Structures,89.3
IT2021053,2,Database Management Systems,94.5
IT2021053,2,Statistics,89.4
IT2021053,2,Web Development,90.2
IT2021053,3,Computer Networks,91.2
IT2021053,3,Operating Systems,96.2
IT2021053,3,Python for Data Analytics,89.7
IT2021053,3,Software Engineering,91.5
IT2021053,4,Artificial Intelligence,88.5
IT2021053,4,Cloud Computing,92.7
IT2021053,4,Data Visualization,88.6
IT2021053,4,Java Programming,94.1
IT2021053,5,Big Data Analytics,90.3
IT2021053,5,Business Intelligence,98.0
IT2021053,5,Cyber Security,93.0
IT2021053,5,Machine Learning,87.8
IT2021053,6,Data Science,90.0
IT2021053,6,Deep Learning,94.0
IT2021053,6,Major Project,89.0
IT2021053,6,Professional Ethics,90.0
IT2021054,1,Communication Skills,63.4
IT2021054,1,Digital Electronics,68.3
IT2021054,1,Mathematics I,66.4
IT2021054,1,Python Programming,61.5
IT2021054,2,Data Structures,61.3
IT2021054,2,Database Management Systems,64.7
IT2021054,2,Statistics,69.4
IT2021054,2,Web Development,63.0
IT2021054,3,Computer Networks,68.3
IT2021054,3,Operating Systems,68.4
IT2021054,3,Python for Data Analytics,68.1
IT2021054,3,Software Engineering,63.9
IT2021054,4,Artificial Intelligence,67.5
IT2021054,4,Cloud Computing,67.0
IT2021054,4,Data Visualization,61.1
IT2021054,4,Java Programming,70.4
IT2021054,5,Big Data Analytics,60.3
IT2021054,5,Business Intelligence,68.2
IT2021054,5,Cyber Security,65.1
IT2021054,5,Machine Learning,67.3
IT2021054,6,Data Science,71.0
IT2021054,6,Deep Learning,68.0
IT2021054,6,Major Project,64.0
IT2021054,6,Professional Ethics,67.0
IT2021055,1,Communication Skills,95.1
IT2021055,1,Digital Electronics,92.7
IT2021055,1,Mathematics I,87.5
IT2021055,1,Python Programming,89.4
IT2021055,2,Data Structures,88.9
IT2021055,2,Database Management Systems,90.2
IT2021055,2,Statistics,92.8
IT2021055,2,Web Development,97.0
IT2021055,3,Computer Networks,90.5
IT2021055,3,Operating Systems,92.0
IT2021055,3,Python for Data Analytics,93.9
IT2021055,3,Software Engineering,89.0
IT2021055,4,Artificial Intelligence,90.7
IT2021055,4,Cloud Computing,96.1
IT2021055,4,Data Visualization,96.5
IT2021055,4,Java Programming,94.4
IT2021055,5,Big Data Analytics,91.4
IT2021055,5,Business Intelligence,90.2
IT2021055,5,Cyber Security,95.5
IT2021055,5,Machine Learning,91.6
IT2021055,6,Data Science,88.0
IT2021055,6,Deep Learning,83.0
IT2021055,6,Major Project,94.0
IT2021055,6,Professional Ethics,93.0
IT2021056,1,Communication Skills,89.3
IT2021056,1,Digital Electronics,90.7
IT2021056,1,Mathematics I,88.3
IT2021056,1,Python Programming,89.3
IT2021056,2,Data Structures,91.7
IT2021056,2,Database Management Systems,88.9
IT2021056,2,Statistics,86.8
IT2021056,2,Web Development,89.5
IT2021056,3,Computer Networks,84.0
IT2021056,3,Operating Systems,93.8
IT2021056,3,Python for Data Analytics,89.0
IT2021056,3,Software Engineering,87.8
IT2021056,4,Artificial Intelligence,86.4
IT2021056,4,Cloud Computing,93.4
IT2021056,4,Data Visualization,89.3
IT2021056,4,Java Programming,86.8
IT2021056,5,Big Data Analytics,92.0
IT2021056,5,Business Intelligence,86.3
IT2021056,5,Cyber Security,90.0
IT2021056,5,Machine Learning,84.4
IT2021056,6,Data Science,82.0
IT2021056,6,Deep Learning,84.0
IT2021056,6,Major Project,95.0
IT2021056,6,Professional Ethics,91.0
IT2021057,1,Communication Skills,65.1
IT2021057,1,Digital Electronics,66.4
IT2021057,1,Mathematics I,64.7
IT2021057,1,Python Programming,63.6
IT2021057,2,Data Structures,64.2
IT2021057,2,Database Management Systems,68.4
IT2021057,2,Statistics,68.5
IT2021057,2,Web Development,67.5
IT2021057,3,Computer Networks,67.8
IT2021057,3,Operating Systems,64.5
IT2021057,3,Python for Data Analytics,71.4
IT2021057,3,Software Engineering,69.7
IT2021057,4,Artificial Intelligence,64.5
IT2021057,4,Cloud Computing,66.7
IT2021057,4,Data Visualization,68.0
IT2021057,4,Java Programming,69.0
IT2021057,5,Big Data Analytics,67.7
IT2021057,5,Business Intelligence,63.1
IT2021057,5,Cyber Security,65.3
IT2021057,5,Machine Learning,68.9
IT2021057,6,Data Science,71.0
IT2021057,6,Deep Learning,62.0
IT2021057,6,Major Project,61.0
IT2021057,6,Professional Ethics,79.0
IT2021058,1,Communication Skills,99.0
IT2021058,1,Digital Electronics,92.7
IT2021058,1,Mathematics I,95.1
IT2021058,1,Python Programming,95.9
IT2021058,2,Data Structures,92.7
IT2021058,2,Database Management Systems,99.0
IT2021058,2,Statistics,96.6
IT2021058,2,Web Development,94.7
IT2021058,3,Computer Networks,93.9
IT2021058,3,Operating Systems,94.7
IT2021058,3,Python for Data Analytics,92.4
IT2021058,3,Software Engineering,99.0
IT2021058,4,Artificial Intelligence,91.9
IT2021058,4,Cloud Computing,96.7
IT2021058,4,Data Visualization,95.2
IT2021058,4,Java Programming,98.2
IT2021058,5,Big Data Analytics,96.7
IT2021058,5,Business Intelligence,97.1
IT2021058,5,Cyber Security,92.5
IT2021058,5,Machine Learning,96.5
IT2021058,6,Data Science,100.0
IT2021058,6,Deep Learning,99.0
IT2021058,6,Major Project,90.0
IT2021058,6,Professional Ethics,93.0
IT2021059,1,Communication Skills,79.3
IT2021059,1,Digital Electronics,74.4
IT2021059,1,Mathematics I,81.4
IT2021059,1,Python Programming,79.0
IT2021059,2,Data Structures,80.1
IT2021059,2,Database Management Systems,78.3
IT2021059,2,Statistics,78.3
IT2021059,2,Web Development,81.2
IT2021059,3,Computer Networks,75.9
IT2021059,3,Operating Systems,82.4
IT2021059,3,Python for Data Analytics,79.6
IT2021059,3,Software Engineering,70.5
IT2021059,4,Artificial Intelligence,78.8
IT2021059,4,Cloud Computing,73.7
IT2021059,4,Data Visualization,75.4
IT2021059,4,Java Programming,83.1
IT2021059,5,Big Data Analytics,76.2
IT2021059,5,Business Intelligence,79.3
IT2021059,5,Cyber Security,77.6
IT2021059,5,Machine Learning,79.4
IT2021059,6,Data Science,75.0
IT2021059,6,Deep Learning,89.0
IT2021059,6,Major Project,77.0
IT2021059,6,Professional Ethics,72.0
IT2021060,1,Communication Skills,82.4
IT2021060,1,Digital Electronics,78.1
IT2021060,1,Mathematics I,76.4
IT2021060,1,Python Programming,78.1
IT2021060,2,Data Structures,75.6
IT2021060,2,Database Management Systems,80.5
IT2021060,2,Statistics,72.7
IT2021060,2,Web Development,77.1
IT2021060,3,Computer Networks,76.1
IT2021060,3,Operating Systems,73.2
IT2021060,3,Python for Data Analytics,82.5
IT2021060,3,Software Engineering,74.9
IT2021060,4,Artificial Intelligence,82.9
IT2021060,4,Cloud Computing,78.7
IT2021060,4,Data Visualization,76.8
IT2021060,4,Java Programming,80.7
IT2021060,5,Big Data Analytics,79.7
IT2021060,5,Business Intelligence,75.0
IT2021060,5,Cyber Security,79.9
IT2021060,5,Machine Learning,77.8
IT2021060,6,Data Science,82.0
IT2021060,6,Deep Learning,82.0
IT2021060,6,Major Project,76.0
IT2021060,6,Professional Ethics,72.0
IT2022001,1,Communication Skills,91.2
IT2022001,1,Digital Electronics,86.7
IT2022001,1,Mathematics I,93.2
IT2022001,1,Python Programming,94.1
IT2022001,2,Data Structures,94.3
IT2022001,2,Database Management Systems,90.8
IT2022001,2,Statistics,90.7
IT2022001,2,Web Development,93.3
IT2022001,3,Computer Networks,96.3
IT2022001,3,Operating Systems,90.5
IT2022001,3,Python for Data Analytics,95.8
IT2022001,3,Software Engineering,92.7
IT2022001,4,Artificial Intelligence,90.2
IT2022001,4,Cloud Computing,90.2
IT2022001,4,Data Visualization,94.3
IT2022001,4,Java Programming,92.4
IT2022001,5,Big Data Analytics,92.0
IT2022001,5,Business Intelligence,94.0
IT2022001,5,Cyber Security,91.0
IT2022001,5,Machine Learning,91.0
IT2022002,1,Communication Skills,81.0
IT2022002,1,Digital Electronics,84.6
IT2022002,1,Mathematics I,83.5
IT2022002,1,Python Programming,77.5
IT2022002,2,Data Structures,79.9
IT2022002,2,Database Management Systems,81.8
IT2022002,2,Statistics,81.2
IT2022002,2,Web Development,85.1
IT2022002,3,Computer Networks,80.5
IT2022002,3,Operating Systems,85.4
IT2022002,3,Python for Data Analytics,80.9
IT2022002,3,Software Engineering,79.0
IT2022002,4,Artificial Intelligence,86.9
IT2022002,4,Cloud Computing,81.7
IT2022002,4,Data Visualization,80.8
IT2022002,4,Java Programming,86.1
IT2022002,5,Big Data Analytics,87.0
IT2022002,5,Business Intelligence,75.0
IT2022002,5,Cyber Security,81.0
IT2022002,5,Machine Learning,85.0
IT2022003,1,Communication Skills,90.3
IT2022003,1,Digital Electronics,94.3
IT2022003,1,Mathematics I,84.5
IT2022003,1,Python Programming,84.4
IT2022003,2,Data Structures,84.3
IT2022003,2,Database Management Systems,89.2
IT2022003,2,Statistics,93.9
IT2022003,2,Web Development,96.6
IT2022003,3,Computer Networks,85.6
IT2022003,3,Operating Systems,88.5
IT2022003,3,Python for Data Analytics,89.7
IT2022003,3,Software Engineering,88.1
IT2022003,4,Artificial Intelligence,91.9
IT2022003,4,Cloud Computing,90.7
IT2022003,4,Data Visualization,85.6
IT2022003,4,Java Programming,87.0
IT2022003,5,Big Data Analytics,86.0
IT2022003,5,Business Intelligence,94.0
IT2022003,5,Cyber Security,91.0
IT2022003,5,Machine Learning,86.0
IT2022004,1,Communication Skills,80.4
IT2022004,1,Digital Electronics,79.0
IT2022004,1,Mathematics I,84.4
IT2022004,1,Python Programming,83.5
IT2022004,2,Data Structures,78.8
IT2022004,2,Database Management Systems,79.7
IT2022004,2,Statistics,84.0
IT2022004,2,Web Development,80.6
IT2022004,3,Computer Networks,83.0
IT2022004,3,Operating Systems,76.9
IT2022004,3,Python for Data Analytics,81.7
IT2022004,3,Software Engineering,79.8
IT2022004,4,Artificial Intelligence,81.7
IT2022004,4,Cloud Computing,88.6
IT2022004,4,Data Visualization,82.5
IT2022004,4,Java Programming,79.6
IT2022004,5,Big Data Analytics,88.0
IT2022004,5,Business Intelligence,86.0
IT2022004,5,Cyber Security,71.0
IT2022004,5,Machine Learning,81.0
IT2022005,1,Communication Skills,91.6
IT2022005,1,Digital Electronics,90.0
IT2022005,1,Mathematics I,96.4
IT2022005,1,Python Programming,88.0
IT2022005,2,Data Structures,90.6
IT2022005,2,Database Management Systems,88.6
IT2022005,2,Statistics,81.2
IT2022005,2,Web Development,91.7
IT2022005,3,Computer Networks,91.4
IT2022005,3,Operating Systems,89.6
IT2022005,3,Python for Data Analytics,90.2
IT2022005,3,Software Engineering,88.9
IT2022005,4,Artificial Intelligence,91.6
IT2022005,4,Cloud Computing,92.3
IT2022005,4,Data Visualization,93.9
IT2022005,4,Java Programming,93.2
IT2022005,5,Big Data Analytics,91.0
IT2022005,5,Business Intelligence,95.0
IT2022005,5,Cyber Security,86.0
IT2022005,5,Machine Learning,92.0
IT2022006,1,Communication Skills,92.8
IT2022006,1,Digital Electronics,89.1
IT2022006,1,Mathematics I,95.6
IT2022006,1,Python Programming,85.0
IT2022006,2,Data Structures,94.3
IT2022006,2,Database Management Systems,91.5
IT2022006,2,Statistics,91.7
IT2022006,2,Web Development,88.3
IT2022006,3,Computer Networks,91.3
IT2022006,3,Operating Systems,92.0
IT2022006,3,Python for Data Analytics,86.0
IT2022006,3,Software Engineering,94.1
IT2022006,4,Artificial Intelligence,91.3
IT2022006,4,Cloud Computing,96.1
IT2022006,4,Data Visualization,89.8
IT2022006,4,Java Programming,94.5
IT2022006,5,Big Data Analytics,94.0
IT2022006,5,Business Intelligence,94.0
IT2022006,5,Cyber Security,91.0
IT2022006,5,Machine Learning,90.0
IT2022007,1,Communication Skills,83.5
IT2022007,1,Digital Electronics,89.1
IT2022007,1,Mathematics I,85.7
IT2022007,1,Python Programming,86.7
IT2022007,2,Data Structures,82.0
IT2022007,2,Database Management Systems,89.3
IT2022007,2,Statistics,85.1
IT2022007,2,Web Development,88.7
IT2022007,3,Computer Networks,84.7
IT2022007,3,Operating Systems,80.5
IT2022007,3,Python for Data Analytics,85.2
IT2022007,3,Software Engineering,84.5
IT2022007,4,Artificial Intelligence,84.6
IT2022007,4,Cloud Computing,76.4
IT2022007,4,Data Visualization,81.7
IT2022007,4,Java Programming,83.3
IT2022007,5,Big Data Analytics,84.0
IT2022007,5,Business Intelligence,85.0
IT2022007,5,Cyber Security,83.0
IT2022007,5,Machine Learning,84.0
IT2022008,1,Communication Skills,78.9
IT2022008,1,Digital Electronics,85.1
IT2022008,1,Mathematics I,77.9
IT2022008,1,Python Programming,77.2
IT2022008,2,Data Structures,83.1
IT2022008,2,Database Management Systems,86.0
IT2022008,2,Statistics,78.7
IT2022008,2,Web Development,80.8
IT2022008,3,Computer Networks,78.4
IT2022008,3,Operating Systems,83.3
IT2022008,3,Python for Data Analytics,76.4
IT2022008,3,Software Engineering,84.3
IT2022008,4,Artificial Intelligence,80.6
IT2022008,4,Cloud Computing,77.9
IT2022008,4,Data Visualization,85.7
IT2022008,4,Java Programming,82.5
IT2022008,5,Big Data Analytics,72.0
IT2022008,5,Business Intelligence,80.0
IT2022008,5,Cyber Security,87.0
IT2022008,5,Machine Learning,89.0
IT2022009,1,Communication Skills,87.4
IT2022009,1,Digital Electronics,82.8
IT2022009,1,Mathematics I,87.8
IT2022009,1,Python Programming,85.7
IT2022009,2,Data Structures,85.4
IT2022009,2,Database Management Systems,88.2
IT2022009,2,Statistics,84.5
IT2022009,2,Web Development,86.1
IT2022009,3,Computer Networks,81.9
IT2022009,3,Operating Systems,89.6
IT2022009,3,Python for Data Analytics,84.8
IT2022009,3,Software Engineering,84.5
IT2022009,4,Artificial Intelligence,85.4
IT2022009,4,Cloud Computing,87.3
IT2022009,4,Data Visualization,87.9
IT2022009,4,Java Programming,90.4
IT2022009,5,Big Data Analytics,89.0
IT2022009,5,Business Intelligence,88.0
IT2022009,5,Cyber Security,83.0
IT2022009,5,Machine Learning,84.0
IT2022010,1,Communication Skills,87.1
IT2022010,1,Digital Electronics,76.3
IT2022010,1,Mathematics I,85.9
IT2022010,1,Python Programming,80.6
IT2022010,2,Data Structures,86.7
IT2022010,2,Database Management Systems,75.9
IT2022010,2,Statistics,83.4
IT2022010,2,Web Development,87.4
IT2022010,3,Computer Networks,80.5
IT2022010,3,Operating Systems,84.6
IT2022010,3,Python for Data Analytics,83.1
IT2022010,3,Software Engineering,91.9
IT2022010,4,Artificial Intelligence,82.1
IT2022010,4,Cloud Computing,85.7
IT2022010,4,Data Visualization,81.5
IT2022010,4,Java Programming,81.2
IT2022010,5,Big Data Analytics,79.0
IT2022010,5,Business Intelligence,85.0
IT2022010,5,Cyber Security,78.0
IT2022010,5,Machine Learning,88.0
IT2022011,1,Communication Skills,69.3
IT2022011,1,Digital Electronics,67.9
IT2022011,1,Mathematics I,67.7
IT2022011,1,Python Programming,65.6
IT2022011,2,Data Structures,59.8
IT2022011,2,Database Management Systems,70.4
IT2022011,2,Statistics,68.7
IT2022011,2,Web Development,66.7
IT2022011,3,Computer Networks,64.5
IT2022011,3,Operating Systems,62.3
IT2022011,3,Python for Data Analytics,65.7
IT2022011,3,Software Engineering,67.5
IT2022011,4,Artificial Intelligence,69.3
IT2022011,4,Cloud Computing,66.4
IT2022011,4,Data Visualization,61.4
IT2022011,4,Java Programming,67.0
IT2022011,5,Big Data Analytics,64.0
IT2022011,5,Business Intelligence,67.0
IT2022011,5,Cyber Security,72.0
IT2022011,5,Machine Learning,65.0
IT2022012,1,Communication Skills,90.9
IT2022012,1,Digital Electronics,93.5
IT2022012,1,Mathematics I,91.8
IT2022012,1,Python Programming,88.3
IT2022012,2,Data Structures,85.1
IT2022012,2,Database Management Systems,84.0
IT2022012,2,Statistics,88.8
IT2022012,2,Web Development,93.1
IT2022012,3,Computer Networks,88.9
IT2022012,3,Operating Systems,95.6
IT2022012,3,Python for Data Analytics,88.9
IT2022012,3,Software Engineering,86.5
IT2022012,4,Artificial Intelligence,88.8
IT2022012,4,Cloud Computing,91.6
IT2022012,4,Data Visualization,85.2
IT2022012,4,Java Programming,88.2
IT2022012,5,Big Data Analytics,87.0
IT2022012,5,Business Intelligence,95.0
IT2022012,5,Cyber Security,86.0
IT2022012,5,Machine Learning,86.0
IT2022013,1,Communication Skills,87.9
IT2022013,1,Digital Electronics,80.3
IT2022013,1,Mathematics I,83.0
IT2022013,1,Python Programming,86.2
IT2022013,2,Data Structures,84.0
IT2022013,2,Database Management Systems,83.4
IT2022013,2,Statistics,86.0
IT2022013,2,Web Development,88.2
IT2022013,3,Computer Networks,85.0
IT2022013,3,Operating Systems,90.7
IT2022013,3,Python for Data Analytics,87.9
IT2022013,3,Software Engineering,84.5
IT2022013,4,Artificial Intelligence,81.3
IT2022013,4,Cloud Computing,82.9
IT2022013,4,Data Visualization,83.0
IT2022013,4,Java Programming,87.1
IT2022013,5,Big Data Analytics,84.0
IT2022013,5,Business Intelligence,86.0
IT2022013,5,Cyber Security,94.0
IT2022013,5,Machine Learning,83.0
IT2022014,1,Communication Skills,79.1
IT2022014,1,Digital Electronics,76.3
IT2022014,1,Mathematics I,70.5
IT2022014,1,Python Programming,76.2
IT2022014,2,Data Structures,77.5
IT2022014,2,Database Management Systems,73.6
IT2022014,2,Statistics,72.7
IT2022014,2,Web Development,76.6
IT2022014,3,Computer Networks,73.6
IT2022014,3,Operating Systems,70.5
IT2022014,3,Python for Data Analytics,75.8
IT2022014,3,Software Engineering,76.3
IT2022014,4,Artificial Intelligence,78.5
IT2022014,4,Cloud Computing,75.2
IT2022014,4,Data Visualization,75.2
IT2022014,4,Java Programming,70.6
IT2022014,5,Big Data Analytics,76.0
IT2022014,5,Business Intelligence,71.0
IT2022014,5,Cyber Security,85.0
IT2022014,5,Machine Learning,72.0
IT2022015,1,Communication Skills,75.4
IT2022015,1,Digital Electronics,79.6
IT2022015,1,Mathematics I,77.9
IT2022015,1,Python Programming,78.0
IT2022015,2,Data Structures,76.0
IT2022015,2,Database Management Systems,70.1
IT2022015,2,Statistics,79.1
IT2022015,2,Web Development,83.3
IT2022015,3,Computer Networks,75.5
IT2022015,3,Operating Systems,79.0
IT2022015,3,Python for Data Analytics,79.0
IT2022015,3,Software Engineering,76.9
IT2022015,4,Artificial Intelligence,75.9
IT2022015,4,Cloud Computing,76.7
IT2022015,4,Data Visualization,77.3
IT2022015,4,Java Programming,77.0
IT2022015,5,Big Data Analytics,86.0
IT2022015,5,Business Intelligence,71.0
IT2022015,5,Cyber Security,76.0
IT2022015,5,Machine Learning,79.0
IT2022016,1,Communication Skills,74.3
IT2022016,1,Digital Electronics,71.0
IT2022016,1,Mathematics I,79.5
IT2022016,1,Python Programming,72.2
IT2022016,2,Data Structures,69.5
IT2022016,2,Database Management Systems,81.2
IT2022016,2,Statistics,72.2
IT2022016,2,Web Development,69.7
IT2022016,3,Computer Networks,69.8
IT2022016,3,Operating Systems,75.3
IT2022016,3,Python for Data Analytics,71.6
IT2022016,3,Software Engineering,76.2
IT2022016,4,Artificial Intelligence,72.6
IT2022016,4,Cloud Computing,75.6
IT2022016,4,Data Visualization,73.0
IT2022016,4,Java Programming,69.0
IT2022016,5,Big Data Analytics,66.0
IT2022016,5,Business Intelligence,80.0
IT2022016,5,Cyber Security,74.0
IT2022016,5,Machine Learning,74.0
IT2022017,1,Communication Skills,83.7
IT2022017,1,Digital Electronics,76.0
IT2022017,1,Mathematics I,77.0
IT2022017,1,Python Programming,75.5
IT2022017,2,Data Structures,75.2
IT2022017,2,Database Management Systems,78.5
IT2022017,2,Statistics,78.0
IT2022017,2,Web Development,76.1
IT2022017,3,Computer Networks,81.1
IT2022017,3,Operating Systems,75.5
IT2022017,3,Python for Data Analytics,82.1
IT2022017,3,Software Engineering,77.5
IT2022017,4,Artificial Intelligence,77.1
IT2022017,4,Cloud Computing,79.3
IT2022017,4,Data Visualization,75.0
IT2022017,4,Java Programming,79.6
IT2022017,5,Big Data Analytics,85.0
IT2022017,5,Business Intelligence,75.0
IT2022017,5,Cyber Security,85.0
IT2022017,5,Machine Learning,70.0
IT2022018,1,Communication Skills,83.7
IT2022018,1,Digital Electronics,87.7
IT2022018,1,Mathematics I,92.0
IT2022018,1,Python Programming,90.4
IT2022018,2,Data Structures,88.8
IT2022018,2,Database Management Systems,84.1
IT2022018,2,Statistics,87.1
IT2022018,2,Web Development,85.2
IT2022018,3,Computer Networks,86.9
IT2022018,3,Operating Systems,81.9
IT2022018,3,Python for Data Analytics,89.9
IT2022018,3,Software Engineering,93.7
IT2022018,4,Artificial Intelligence,91.1
IT2022018,4,Cloud Computing,89.0
IT2022018,4,Data Visualization,82.2
IT2022018,4,Java Programming,92.8
IT2022018,5,Big Data Analytics,86.0
IT2022018,5,Business Intelligence,94.0
IT2022018,5,Cyber Security,82.0
IT2022018,5,Machine Learning,93.0
IT2022019,1,Communication Skills,65.3
IT2022019,1,Digital Electronics,63.1
IT2022019,1,Mathematics I,60.6
IT2022019,1,Python Programming,65.5
IT2022019,2,Data Structures,61.6
IT2022019,2,Database Management Systems,63.6
IT2022019,2,Statistics,63.7
IT2022019,2,Web Development,65.4
IT2022019,3,Computer Networks,61.9
IT2022019,3,Operating Systems,58.7
IT2022019,3,Python for Data Analytics,56.7
IT2022019,3,Software Engineering,67.0
IT2022019,4,Artificial Intelligence,69.6
IT2022019,4,Cloud Computing,68.2
IT2022019,4,Data Visualization,62.8
IT2022019,4,Java Programming,64.1
IT2022019,5,Big Data Analytics,66.0
IT2022019,5,Business Intelligence,60.0
IT2022019,5,Cyber Security,73.0
IT2022019,5,Machine Learning,67.0
IT2022020,1,Communication Skills,78.8
IT2022020,1,Digital Electronics,76.6
IT2022020,1,Mathematics I,78.0
IT2022020,1,Python Programming,81.8
IT2022020,2,Data Structures,79.5
IT2022020,2,Database Management Systems,79.0
IT2022020,2,Statistics,77.5
IT2022020,2,Web Development,83.6
IT2022020,3,Computer Networks,71.3
IT2022020,3,Operating Systems,79.8
IT2022020,3,Python for Data Analytics,77.0
IT2022020,3,Software Engineering,79.7
IT2022020,4,Artificial Intelligence,83.0
IT2022020,4,Cloud Computing,77.8
IT2022020,4,Data Visualization,84.5
IT2022020,4,Java Programming,77.0
IT2022020,5,Big Data Analytics,78.0
IT2022020,5,Business Intelligence,81.0
IT2022020,5,Cyber Security,78.0
IT2022020,5,Machine Learning,75.0
IT2022021,1,Communication Skills,82.3
IT2022021,1,Digital Electronics,83.6
IT2022021,1,Mathematics I,86.8
IT2022021,1,Python Programming,88.1
IT2022021,2,Data Structures,85.4
IT2022021,2,Database Management Systems,86.5
IT2022021,2,Statistics,84.1
IT2022021,2,Web Development,79.4
IT2022021,3,Computer Networks,85.7
IT2022021,3,Operating Systems,82.2
IT2022021,3,Python for Data Analytics,84.5
IT2022021,3,Software Engineering,91.2
IT2022021,4,Artificial Intelligence,92.9
IT2022021,4,Cloud Computing,88.5
IT2022021,4,Data Visualization,86.9
IT2022021,4,Java Programming,84.8
IT2022021,5,Big Data Analytics,92.0
IT2022021,5,Business Intelligence,82.0
IT2022021,5,Cyber Security,88.0
IT2022021,5,Machine Learning,85.0
IT2022022,1,Communication Skills,94.2
IT2022022,1,Digital Electronics,90.4
IT2022022,1,Mathematics I,98.7
IT2022022,1,Python Programming,99.0
IT2022022,2,Data Structures,94.9
IT2022022,2,Database Management Systems,94.9
IT2022022,2,Statistics,95.1
IT2022022,2,Web Development,97.0
IT2022022,3,Computer Networks,93.2
IT2022022,3,Operating Systems,94.1
IT2022022,3,Python for Data Analytics,95.2
IT2022022,3,Software Engineering,95.3
IT2022022,4,Artificial Intelligence,94.7
IT2022022,4,Cloud Computing,99.0
IT2022022,4,Data Visualization,93.3
IT2022022,4,Java Programming,99.0
IT2022022,5,Big Data Analytics,94.0
IT2022022,5,Business Intelligence,94.0
IT2022022,5,Cyber Security,97.0
IT2022022,5,Machine Learning,98.0
IT2022023,1,Communication Skills,85.2
IT2022023,1,Digital Electronics,81.9
IT2022023,1,Mathematics I,84.7
IT2022023,1,Python Programming,82.7
IT2022023,2,Data Structures,83.8
IT2022023,2,Database Management Systems,82.3
IT2022023,2,Statistics,83.8
IT2022023,2,Web Development,86.5
IT2022023,3,Computer Networks,83.2
IT2022023,3,Operating Systems,83.9
IT2022023,3,Python for Data Analytics,80.6
IT2022023,3,Software Engineering,84.6
IT2022023,4,Artificial Intelligence,84.9
IT2022023,4,Cloud Computing,82.3
IT2022023,4,Data Visualization,82.9
IT2022023,4,Java Programming,84.2
IT2022023,5,Big Data Analytics,79.0
IT2022023,5,Business Intelligence,89.0
IT2022023,5,Cyber Security,86.0
IT2022023,5,Machine Learning,78.0
IT2022024,1,Communication Skills,82.6
IT2022024,1,Digital Electronics,78.5
IT2022024,1,Mathematics I,73.0
IT2022024,1,Python Programming,69.7
IT2022024,2,Data Structures,75.4
IT2022024,2,Database Management Systems,77.9
IT2022024,2,Statistics,77.9
IT2022024,2,Web Development,73.6
IT2022024,3,Computer Networks,75.9
IT2022024,3,Operating Systems,81.9
IT2022024,3,Python for Data Analytics,79.9
IT2022024,3,Software Engineering,77.9
IT2022024,4,Artificial Intelligence,76.2
IT2022024,4,Cloud Computing,76.0
IT2022024,4,Data Visualization,76.7
IT2022024,4,Java Programming,78.8
IT2022024,5,Big Data Analytics,70.0
IT2022024,5,Business Intelligence,82.0
IT2022024,5,Cyber Security,78.0
IT2022024,5,Machine Learning,80.0
IT2022025,1,Communication Skills,78.5
IT2022025,1,Digital Electronics,79.2
IT2022025,1,Mathematics I,86.1
IT2022025,1,Python Programming,76.6
IT2022025,2,Data Structures,78.4
IT2022025,2,Database Management Systems,81.8
IT2022025,2,Statistics,81.3
IT2022025,2,Web Development,79.4
IT2022025,3,Computer Networks,79.5
IT2022025,3,Operating Systems,80.6
IT2022025,3,Python for Data Analytics,80.6
IT2022025,3,Software Engineering,82.1
IT2022025,4,Artificial Intelligence,81.2
IT2022025,4,Cloud Computing,76.1
IT2022025,4,Data Visualization,77.1
IT2022025,4,Java Programming,75.3
IT2022025,5,Big Data Analytics,77.0
IT2022025,5,Business Intelligence,75.0
IT2022025,5,Cyber Security,81.0
IT2022025,5,Machine Learning,88.0
IT2022026,1,Communication Skills,79.9
IT2022026,1,Digital Electronics,74.5
IT2022026,1,Mathematics I,83.1
IT2022026,1,Python Programming,77.2
IT2022026,2,Data Structures,77.5
IT2022026,2,Database Management Systems,75.7
IT2022026,2,Statistics,82.9
IT2022026,2,Web Development,75.6
IT2022026,3,Computer Networks,78.8
IT2022026,3,Operating Systems,80.0
IT2022026,3,Python for Data Analytics,76.9
IT2022026,3,Software Engineering,78.2
IT2022026,4,Artificial Intelligence,80.3
IT2022026,4,Cloud Computing,79.6
IT2022026,4,Data Visualization,75.7
IT2022026,4,Java Programming,83.9
IT2022026,5,Big Data Analytics,78.0
IT2022026,5,Business Intelligence,81.0
IT2022026,5,Cyber Security,80.0
IT2022026,5,Machine Learning,73.0
IT2022027,1,Communication Skills,79.1
IT2022027,1,Digital Electronics,79.3
IT2022027,1,Mathematics I,77.5
IT2022027,1,Python Programming,82.2
IT2022027,2,Data Structures,80.1
IT2022027,2,Database Management Systems,80.6
IT2022027,2,Statistics,85.8
IT2022027,2,Web Development,83.7
IT2022027,3,Computer Networks,77.2
IT2022027,3,Operating Systems,82.1
IT2022027,3,Python for Data Analytics,76.2
IT2022027,3,Software Engineering,77.6
IT2022027,4,Artificial Intelligence,80.9
IT2022027,4,Cloud Computing,85.6
IT2022027,4,Data Visualization,81.8
IT2022027,4,Java Programming,79.6
IT2022027,5,Big Data Analytics,80.0
IT2022027,5,Business Intelligence,73.0
IT2022027,5,Cyber Security,88.0
IT2022027,5,Machine Learning,79.0
IT2022028,1,Communication Skills,99.0
IT2022028,1,Digital Electronics,92.7
IT2022028,1,Mathematics I,99.0
IT2022028,1,Python Programming,99.0
IT2022028,2,Data Structures,99.0
IT2022028,2,Database Management Systems,97.2
IT2022028,2,Statistics,99.0
IT2022028,2,Web Development,93.5
IT2022028,3,Computer Networks,97.0
IT2022028,3,Operating Systems,99.0
IT2022028,3,Python for Data Analytics,97.8
IT2022028,3,Software Engineering,96.6
IT2022028,4,Artificial Intelligence,99.0
IT2022028,4,Cloud Computing,93.6
IT2022028,4,Data Visualization,95.7
IT2022028,4,Java Programming,96.5
IT2022028,5,Big Data Analytics,97.0
IT2022028,5,Business Intelligence,96.0
IT2022028,5,Cyber Security,100.0
IT2022028,5,Machine Learning,100.0
IT2022029,1,Communication Skills,89.3
IT2022029,1,Digital Electronics,82.8
IT2022029,1,Mathematics I,85.7
IT2022029,1,Python Programming,90.1
IT2022029,2,Data Structures,90.8
IT2022029,2,Database Management Systems,85.7
IT2022029,2,Statistics,93.5
IT2022029,2,Web Development,85.2
IT2022029,3,Computer Networks,87.0
IT2022029,3,Operating Systems,92.7
IT2022029,3,Python for Data Analytics,79.6
IT2022029,3,Software Engineering,84.2
IT2022029,4,Artificial Intelligence,82.6
IT2022029,4,Cloud Computing,87.1
IT2022029,4,Data Visualization,93.4
IT2022029,4,Java Programming,86.2
IT2022029,5,Big Data Analytics,88.0
IT2022029,5,Business Intelligence,94.0
IT2022029,5,Cyber Security,84.0
IT2022029,5,Machine Learning,84.0
IT2022030,1,Communication Skills,87.7
IT2022030,1,Digital Electronics,90.7
IT2022030,1,Mathematics I,77.0
IT2022030,1,Python Programming,81.1
IT2022030,2,Data Structures,84.3
IT2022030,2,Database Management Systems,86.8
IT2022030,2,Statistics,79.3
IT2022030,2,Web Development,84.4
IT2022030,3,Computer Networks,82.2
IT2022030,3,Operating Systems,86.4
IT2022030,3,Python for Data Analytics,86.2
IT2022030,3,Software Engineering,80.5
IT2022030,4,Artificial Intelligence,83.0
IT2022030,4,Cloud Computing,87.0
IT2022030,4,Data Visualization,83.2
IT2022030,4,Java Programming,87.5
IT2022030,5,Big Data Analytics,87.0
IT2022030,5,Business Intelligence,85.0
IT2022030,5,Cyber Security,82.0
IT2022030,5,Machine Learning,87.0
IT2022031,1,Communication Skills,95.4
IT2022031,1,Digital Electronics,99.0
IT2022031,1,Mathematics I,99.0
IT2022031,1,Python Programming,99.0
IT2022031,2,Data Structures,99.0
IT2022031,2,Database Management Systems,94.0
IT2022031,2,Statistics,94.6
IT2022031,2,Web Development,99.0
IT2022031,3,Computer Networks,93.9
IT2022031,3,Operating Systems,95.8
IT2022031,3,Python for Data Analytics,93.2
IT2022031,3,Software Engineering,99.0
IT2022031,4,Artificial Intelligence,97.7
IT2022031,4,Cloud Computing,96.9
IT2022031,4,Data Visualization,99.0
IT2022031,4,Java Programming,99.0
IT2022031,5,Big Data Analytics,97.0
IT2022031,5,Business Intelligence,100.0
IT2022031,5,Cyber Security,92.0
IT2022031,5,Machine Learning,99.0
IT2022032,1,Communication Skills,80.7
IT2022032,1,Digital Electronics,80.6
IT2022032,1,Mathematics I,75.5
IT2022032,1,Python Programming,73.3
IT2022032,2,Data Structures,84.5
IT2022032,2,Database Management Systems,76.7
IT2022032,2,Statistics,73.9
IT2022032,2,Web Development,81.0
IT2022032,3,Computer Networks,77.8
IT2022032,3,Operating Systems,80.8
IT2022032,3,Python for Data Analytics,78.7
IT2022032,3,Software Engineering,84.9
IT2022032,4,Artificial Intelligence,75.2
IT2022032,4,Cloud Computing,78.0
IT2022032,4,Data Visualization,76.0
IT2022032,4,Java Programming,75.0
IT2022032,5,Big Data Analytics,70.0
IT2022032,5,Business Intelligence,80.0
IT2022032,5,Cyber Security,76.0
IT2022032,5,Machine Learning,83.0
IT2022033,1,Communication Skills,74.2
IT2022033,1,Digital Electronics,77.9
IT2022033,1,Mathematics I,76.7
IT2022033,1,Python Programming,76.8
IT2022033,2,Data Structures,78.2
IT2022033,2,Database Management Systems,78.8
IT2022033,2,Statistics,83.0
IT2022033,2,Web Development,78.8
IT2022033,3,Computer Networks,74.5
IT2022033,3,Operating Systems,75.9
IT2022033,3,Python for Data Analytics,78.6
IT2022033,3,Software Engineering,81.3
IT2022033,4,Artificial Intelligence,75.7
IT2022033,4,Cloud Computing,79.4
IT2022033,4,Data Visualization,76.7
IT2022033,4,Java Programming,75.7
IT2022033,5,Big Data Analytics,81.0
IT2022033,5,Business Intelligence,88.0
IT2022033,5,Cyber Security,73.0
IT2022033,5,Machine Learning,70.0
IT2022034,1,Communication Skills,91.6
IT2022034,1,Digital Electronics,92.3
IT2022034,1,Mathematics I,92.4
IT2022034,1,Python Programming,91.5
IT2022034,2,Data Structures,92.7
IT2022034,2,Database Management Systems,96.2
IT2022034,2,Statistics,94.4
IT2022034,2,Web Development,95.0
IT2022034,3,Computer Networks,94.7
IT2022034,3,Operating Systems,95.7
IT2022034,3,Python for Data Analytics,92.1
IT2022034,3,Software Engineering,97.0
IT2022034,4,Artificial Intelligence,90.6
IT2022034,4,Cloud Computing,91.9
IT2022034,4,Data Visualization,94.1
IT2022034,4,Java Programming,99.0
IT2022034,5,Big Data Analytics,94.0
IT2022034,5,Business Intelligence,96.0
IT2022034,5,Cyber Security,98.0
IT2022034,5,Machine Learning,91.0
IT2022035,1,Communication Skills,84.4
IT2022035,1,Digital Electronics,81.6
IT2022035,1,Mathematics I,83.6
IT2022035,1,Python Programming,77.7
IT2022035,2,Data Structures,83.3
IT2022035,2,Database Management Systems,74.7
IT2022035,2,Statistics,78.8
IT2022035,2,Web Development,83.4
IT2022035,3,Computer Networks,86.7
IT2022035,3,Operating Systems,82.0
IT2022035,3,Python for Data Analytics,80.5
IT2022035,3,Software Engineering,81.9
IT2022035,4,Artificial Intelligence,79.9
IT2022035,4,Cloud Computing,81.5
IT2022035,4,Data Visualization,80.2
IT2022035,4,Java Programming,76.9
IT2022035,5,Big Data Analytics,76.0
IT2022035,5,Business Intelligence,77.0
IT2022035,5,Cyber Security,82.0
IT2022035,5,Machine Learning,85.0
IT2022036,1,Communication Skills,68.9
IT2022036,1,Digital Electronics,69.7
IT2022036,1,Mathematics I,68.5
IT2022036,1,Python Programming,72.1
IT2022036,2,Data Structures,69.2
IT2022036,2,Database Management Systems,72.7
IT2022036,2,Statistics,71.5
IT2022036,2,Web Development,72.9
IT2022036,3,Computer Networks,67.2
IT2022036,3,Operating Systems,63.6
IT2022036,3,Python for Data Analytics,78.1
IT2022036,3,Software Engineering,72.5
IT2022036,4,Artificial Intelligence,67.2
IT2022036,4,Cloud Computing,69.4
IT2022036,4,Data Visualization,73.4
IT2022036,4,Java Programming,68.7
IT2022036,5,Big Data Analytics,63.0
IT2022036,5,Business Intelligence,80.0
IT2022036,5,Cyber Security,80.0
IT2022036,5,Machine Learning,60.0
IT2022037,1,Communication Skills,72.0
IT2022037,1,Digital Electronics,71.7
IT2022037,1,Mathematics I,77.5
IT2022037,1,Python Programming,71.7
IT2022037,2,Data Structures,76.9
IT2022037,2,Database Management Systems,74.2
IT2022037,2,Statistics,72.6
IT2022037,2,Web Development,73.8
IT2022037,3,Computer Networks,75.4
IT2022037,3,Operating Systems,73.4
IT2022037,3,Python for Data Analytics,77.7
IT2022037,3,Software Engineering,72.9
IT2022037,4,Artificial Intelligence,78.1
IT2022037,4,Cloud Computing,72.7
IT2022037,4,Data Visualization,71.9
IT2022037,4,Java Programming,81.4
IT2022037,5,Big Data Analytics,71.0
IT2022037,5,Business Intelligence,73.0
IT2022037,5,Cyber Security,70.0
IT2022037,5,Machine Learning,87.0
IT2022038,1,Communication Skills,90.6
IT2022038,1,Digital Electronics,85.8
IT2022038,1,Mathematics I,88.5
IT2022038,1,Python Programming,85.2
IT2022038,2,Data Structures,89.0
IT2022038,2,Database Management Systems,86.8
IT2022038,2,Statistics,86.5
IT2022038,2,Web Development,87.2
IT2022038,3,Computer Networks,81.0
IT2022038,3,Operating Systems,84.1
IT2022038,3,Python for Data Analytics,83.7
IT2022038,3,Software Engineering,82.6
IT2022038,4,Artificial Intelligence,86.2
IT2022038,4,Cloud Computing,86.7
IT2022038,4,Data Visualization,89.5
IT2022038,4,Java Programming,90.2
IT2022038,5,Big Data Analytics,86.0
IT2022038,5,Business Intelligence,92.0
IT2022038,5,Cyber Security,85.0
IT2022038,5,Machine Learning,88.0
IT2022039,1,Communication Skills,89.4
IT2022039,1,Digital Electronics,91.2
IT2022039,1,Mathematics I,86.0
IT2022039,1,Python Programming,91.4
IT2022039,2,Data Structures,95.2
IT2022039,2,Database Management Systems,94.8
IT2022039,2,Statistics,93.0
IT2022039,2,Web Development,88.5
IT2022039,3,Computer Networks,91.1
IT2022039,3,Operating Systems,92.7
IT2022039,3,Python for Data Analytics,87.3
IT2022039,3,Software Engineering,86.9
IT2022039,4,Artificial Intelligence,91.5
IT2022039,4,Cloud Computing,91.3
IT2022039,4,Data Visualization,88.8
IT2022039,4,Java Programming,90.0
IT2022039,5,Big Data Analytics,92.0
IT2022039,5,Business Intelligence,88.0
IT2022039,5,Cyber Security,91.0
IT2022039,5,Machine Learning,88.0
IT2022040,1,Communication Skills,67.5
IT2022040,1,Digital Electronics,65.3
IT2022040,1,Mathematics I,73.9
IT2022040,1,Python Programming,67.7
IT2022040,2,Data Structures,65.2
IT2022040,2,Database Management Systems,70.8
IT2022040,2,Statistics,65.1
IT2022040,2,Web Development,66.6
IT2022040,3,Computer Networks,64.7
IT2022040,3,Operating Systems,72.1
IT2022040,3,Python for Data Analytics,62.4
IT2022040,3,Software Engineering,72.2
IT2022040,4,Artificial Intelligence,67.1
IT2022040,4,Cloud Computing,66.5
IT2022040,4,Data Visualization,70.9
IT2022040,4,Java Programming,67.9
IT2022040,5,Big Data Analytics,63.0
IT2022040,5,Business Intelligence,68.0
IT2022040,5,Cyber Security,66.0
IT2022040,5,Machine Learning,79.0
IT2022041,1,Communication Skills,88.6
IT2022041,1,Digital Electronics,91.7
IT2022041,1,Mathematics I,86.3
IT2022041,1,Python Programming,98.0
IT2022041,2,Data Structures,84.9
IT2022041,2,Database Management Systems,88.5
IT2022041,2,Statistics,94.7
IT2022041,2,Web Development,92.9
IT2022041,3,Computer Networks,85.2
IT2022041,3,Operating Systems,90.9
IT2022041,3,Python for Data Analytics,83.7
IT2022041,3,Software Engineering,90.8
IT2022041,4,Artificial Intelligence,93.8
IT2022041,4,Cloud Computing,90.5
IT2022041,4,Data Visualization,84.0
IT2022041,4,Java Programming,90.4
IT2022041,5,Big Data Analytics,86.0
IT2022041,5,Business Intelligence,93.0
IT2022041,5,Cyber Security,90.0
IT2022041,5,Machine Learning,85.0
IT2022042,1,Communication Skills,77.3
IT2022042,1,Digital Electronics,78.6
IT2022042,1,Mathematics I,78.0
IT2022042,1,Python Programming,76.1
IT2022042,2,Data Structures,75.2
IT2022042,2,Database Management Systems,79.3
IT2022042,2,Statistics,78.0
IT2022042,2,Web Development,76.7
IT2022042,3,Computer Networks,78.4
IT2022042,3,Operating Systems,79.0
IT2022042,3,Python for Data Analytics,72.5
IT2022042,3,Software Engineering,73.0
IT2022042,4,Artificial Intelligence,76.7
IT2022042,4,Cloud Computing,77.2
IT2022042,4,Data Visualization,81.3
IT2022042,4,Java Programming,79.3
IT2022042,5,Big Data Analytics,72.0
IT2022042,5,Business Intelligence,72.0
IT2022042,5,Cyber Security,88.0
IT2022042,5,Machine Learning,77.0
IT2022043,1,Communication Skills,77.4
IT2022043,1,Digital Electronics,74.9
IT2022043,1,Mathematics I,76.0
IT2022043,1,Python Programming,75.7
IT2022043,2,Data Structures,72.5
IT2022043,2,Database Management Systems,73.3
IT2022043,2,Statistics,77.6
IT2022043,2,Web Development,79.1
IT2022043,3,Computer Networks,75.9
IT2022043,3,Operating Systems,79.4
IT2022043,3,Python for Data Analytics,68.6
IT2022043,3,Software Engineering,66.7
IT2022043,4,Artificial Intelligence,77.1
IT2022043,4,Cloud Computing,75.6
IT2022043,4,Data Visualization,75.0
IT2022043,4,Java Programming,73.7
IT2022043,5,Big Data Analytics,77.0
IT2022043,5,Business Intelligence,73.0
IT2022043,5,Cyber Security,78.0
IT2022043,5,Machine Learning,73.0
IT2022044,1,Communication Skills,55.9
IT2022044,1,Digital Electronics,62.9
IT2022044,1,Mathematics I,70.1
IT2022044,1,Python Programming,65.3
IT2022044,2,Data Structures,64.3
IT2022044,2,Database Management Systems,64.5
IT2022044,2,Statistics,62.0
IT2022044,2,Web Development,62.0
IT2022044,3,Computer Networks,60.5
IT2022044,3,Operating Systems,68.8
IT2022044,3,Python for Data Analytics,62.2
IT2022044,3,Software Engineering,60.6
IT2022044,4,Artificial Intelligence,64.5
IT2022044,4,Cloud Computing,59.8
IT2022044,4,Data Visualization,64.6
IT2022044,4,Java Programming,64.3
IT2022044,5,Big Data Analytics,70.0
IT2022044,5,Business Intelligence,61.0
IT2022044,5,Cyber Security,63.0
IT2022044,5,Machine Learning,61.0
IT2022045,1,Communication Skills,88.2
IT2022045,1,Digital Electronics,88.6
IT2022045,1,Mathematics I,88.5
IT2022045,1,Python Programming,86.7
IT2022045,2,Data Structures,88.7
IT2022045,2,Database Management Systems,89.2
IT2022045,2,Statistics,83.5
IT2022045,2,Web Development,86.8
IT2022045,3,Computer Networks,90.9
IT2022045,3,Operating Systems,83.2
IT2022045,3,Python for Data Analytics,84.8
IT2022045,3,Software Engineering,86.8
IT2022045,4,Artificial Intelligence,81.7
IT2022045,4,Cloud Computing,85.4
IT2022045,4,Data Visualization,91.3
IT2022045,4,Java Programming,85.6
IT2022045,5,Big Data Analytics,87.0
IT2022045,5,Business Intelligence,87.0
IT2022045,5,Cyber Security,91.0
IT2022045,5,Machine Learning,92.0
IT2022046,1,Communication Skills,74.6
IT2022046,1,Digital Electronics,74.0
IT2022046,1,Mathematics I,72.3
IT2022046,1,Python Programming,74.6
IT2022046,2,Data Structures,72.2
IT2022046,2,Database Management Systems,74.8
IT2022046,2,Statistics,68.0
IT2022046,2,Web Development,68.5
IT2022046,3,Computer Networks,65.8
IT2022046,3,Operating Systems,71.9
IT2022046,3,Python for Data Analytics,72.8
IT2022046,3,Software Engineering,66.5
IT2022046,4,Artificial Intelligence,63.6
IT2022046,4,Cloud Computing,69.9
IT2022046,4,Data Visualization,70.2
IT2022046,4,Java Programming,67.9
IT2022046,5,Big Data Analytics,74.0
IT2022046,5,Business Intelligence,73.0
IT2022046,5,Cyber Security,72.0
IT2022046,5,Machine Learning,63.0
IT2022047,1,Communication Skills,75.2
IT2022047,1,Digital Electronics,63.7
IT2022047,1,Mathematics I,70.1
IT2022047,1,Python Programming,72.8
IT2022047,2,Data Structures,72.6
IT2022047,2,Database Management Systems,66.8
IT2022047,2,Statistics,72.6
IT2022047,2,Web Development,73.4
IT2022047,3,Computer Networks,74.0
IT2022047,3,Operating Systems,72.8
IT2022047,3,Python for Data Analytics,70.7
IT2022047,3,Software Engineering,68.6
IT2022047,4,Artificial Intelligence,65.7
IT2022047,4,Cloud Computing,71.8
IT2022047,4,Data Visualization,72.1
IT2022047,4,Java Programming,77.7
IT2022047,5,Big Data Analytics,65.0
IT2022047,5,Business Intelligence,78.0
IT2022047,5,Cyber Security,78.0
IT2022047,5,Machine Learning,64.0
IT2022048,1,Communication Skills,75.7
IT2022048,1,Digital Electronics,75.5
IT2022048,1,Mathematics I,75.7
IT2022048,1,Python Programming,78.9
IT2022048,2,Data Structures,85.8
IT2022048,2,Database Management Systems,81.5
IT2022048,2,Statistics,75.3
IT2022048,2,Web Development,78.5
IT2022048,3,Computer Networks,77.9
IT2022048,3,Operating Systems,76.1
IT2022048,3,Python for Data Analytics,76.2
IT2022048,3,Software Engineering,77.9
IT2022048,4,Artificial Intelligence,74.3
IT2022048,4,Cloud Computing,76.1
IT2022048,4,Data Visualization,80.9
IT2022048,4,Java Programming,86.8
IT2022048,5,Big Data Analytics,81.0
IT2022048,5,Business Intelligence,73.0
IT2022048,5,Cyber Security,74.0
IT2022048,5,Machine Learning,89.0
IT2022049,1,Communication Skills,78.7
IT2022049,1,Digital Electronics,79.5
IT2022049,1,Mathematics I,74.7
IT2022049,1,Python Programming,81.0
IT2022049,2,Data Structures,76.3
IT2022049,2,Database Management Systems,77.7
IT2022049,2,Statistics,76.8
IT2022049,2,Web Development,77.0
IT2022049,3,Computer Networks,74.0
IT2022049,3,Operating Systems,79.5
IT2022049,3,Python for Data Analytics,72.2
IT2022049,3,Software Engineering,76.8
IT2022049,4,Artificial Intelligence,79.0
IT2022049,4,Cloud Computing,75.8
IT2022049,4,Data Visualization,76.8
IT2022049,4,Java Programming,79.7
IT2022049,5,Big Data Analytics,80.0
IT2022049,5,Business Intelligence,80.0
IT2022049,5,Cyber Security,86.0
IT2022049,5,Machine Learning,71.0
IT2022050,1,Communication Skills,85.8
IT2022050,1,Digital Electronics,92.4
IT2022050,1,Mathematics I,89.2
IT2022050,1,Python Programming,89.6
IT2022050,2,Data Structures,91.7
IT2022050,2,Database Management Systems,96.2
IT2022050,2,Statistics,89.3
IT2022050,2,Web Development,86.4
IT2022050,3,Computer Networks,89.4
IT2022050,3,Operating Systems,85.5
IT2022050,3,Python for Data Analytics,88.7
IT2022050,3,Software Engineering,90.1
IT2022050,4,Artificial Intelligence,91.5
IT2022050,4,Cloud Computing,83.5
IT2022050,4,Data Visualization,91.7
IT2022050,4,Java Programming,87.5
IT2022050,5,Big Data Analytics,83.0
IT2022050,5,Business Intelligence,87.0
IT2022050,5,Cyber Security,93.0
IT2022050,5,Machine Learning,93.0
IT2022051,1,Communication Skills,85.8
IT2022051,1,Digital Electronics,82.0
IT2022051,1,Mathematics I,80.0
IT2022051,1,Python Programming,80.7
IT2022051,2,Data Structures,83.9
IT2022051,2,Database Management Systems,85.3
IT2022051,2,Statistics,81.3
IT2022051,2,Web Development,83.5
IT2022051,3,Computer Networks,84.3
IT2022051,3,Operating Systems,81.3
IT2022051,3,Python for Data Analytics,82.5
IT2022051,3,Software Engineering,88.5
IT2022051,4,Artificial Intelligence,83.0
IT2022051,4,Cloud Computing,84.4
IT2022051,4,Data Visualization,80.7
IT2022051,4,Java Programming,85.2
IT2022051,5,Big Data Analytics,75.0
IT2022051,5,Business Intelligence,85.0
IT2022051,5,Cyber Security,85.0
IT2022051,5,Machine Learning,87.0
IT2022052,1,Communication Skills,81.4
IT2022052,1,Digital Electronics,76.1
IT2022052,1,Mathematics I,80.5
IT2022052,1,Python Programming,84.3
IT2022052,2,Data Structures,83.5
IT2022052,2,Database Management Systems,85.5
IT2022052,2,Statistics,82.3
IT2022052,2,Web Development,83.6
IT2022052,3,Computer Networks,79.7
IT2022052,3,Operating Systems,81.5
IT2022052,3,Python for Data Analytics,81.2
IT2022052,3,Software Engineering,82.5
IT2022052,4,Artificial Intelligence,78.5
IT2022052,4,Cloud Computing,86.1
IT2022052,4,Data Visualization,79.7
IT2022052,4,Java Programming,77.8
IT2022052,5,Big Data Analytics,86.0
IT2022052,5,Business Intelligence,77.0
IT2022052,5,Cyber Security,82.0
IT2022052,5,Machine Learning,80.0
IT2022053,1,Communication Skills,72.1
IT2022053,1,Digital Electronics,73.7
IT2022053,1,Mathematics I,79.2
IT2022053,1,Python Programming,77.3
IT2022053,2,Data Structures,76.5
IT2022053,2,Database Management Systems,81.2
IT2022053,2,Statistics,80.8
IT2022053,2,Web Development,82.7
IT2022053,3,Computer Networks,81.5
IT2022053,3,Operating Systems,79.8
IT2022053,3,Python for Data Analytics,77.5
IT2022053,3,Software Engineering,82.1
IT2022053,4,Artificial Intelligence,78.1
IT2022053,4,Cloud Computing,72.3
IT2022053,4,Data Visualization,79.6
IT2022053,4,Java Programming,75.2
IT2022053,5,Big Data Analytics,85.0
IT2022053,5,Business Intelligence,70.0
IT2022053,5,Cyber Security,73.0
IT2022053,5,Machine Learning,84.0
IT2022054,1,Communication Skills,89.0
IT2022054,1,Digital Electronics,76.6
IT2022054,1,Mathematics I,84.4
IT2022054,1,Python Programming,79.4
IT2022054,2,Data Structures,81.5
IT2022054,2,Database Management Systems,80.0
IT2022054,2,Statistics,74.1
IT2022054,2,Web Development,81.7
IT2022054,3,Computer Networks,80.2
IT2022054,3,Operating Systems,80.5
IT2022054,3,Python for Data Analytics,84.7
IT2022054,3,Software Engineering,81.4
IT2022054,4,Artificial Intelligence,83.5
IT2022054,4,Cloud Computing,83.7
IT2022054,4,Data Visualization,85.8
IT2022054,4,Java Programming,82.0
IT2022054,5,Big Data Analytics,87.0
IT2022054,5,Business Intelligence,87.0
IT2022054,5,Cyber Security,72.0
IT2022054,5,Machine Learning,83.0
IT2022055,1,Communication Skills,71.0
IT2022055,1,Digital Electronics,73.3
IT2022055,1,Mathematics I,71.7
IT2022055,1,Python Programming,72.7
IT2022055,2,Data Structures,74.7
IT2022055,2,Database Management Systems,69.0
IT2022055,2,Statistics,70.0
IT2022055,2,Web Development,69.2
IT2022055,3,Computer Networks,75.8
IT2022055,3,Operating Systems,77.9
IT2022055,3,Python for Data Analytics,72.1
IT2022055,3,Software Engineering,75.4
IT2022055,4,Artificial Intelligence,70.8
IT2022055,4,Cloud Computing,79.6
IT2022055,4,Data Visualization,74.0
IT2022055,4,Java Programming,69.8
IT2022055,5,Big Data Analytics,61.0
IT2022055,5,Business Intelligence,79.0
IT2022055,5,Cyber Security,74.0
IT2022055,5,Machine Learning,74.0
IT2022056,1,Communication Skills,99.0
IT2022056,1,Digital Electronics,95.3
IT2022056,1,Mathematics I,96.0
IT2022056,1,Python Programming,94.8
IT2022056,2,Data Structures,89.9
IT2022056,2,Database Management Systems,99.0
IT2022056,2,Statistics,99.0
IT2022056,2,Web Development,93.9
IT2022056,3,Computer Networks,94.5
IT2022056,3,Operating Systems,89.9
IT2022056,3,Python for Data Analytics,93.4
IT2022056,3,Software Engineering,91.8
IT2022056,4,Artificial Intelligence,96.0
IT2022056,4,Cloud Computing,93.3
IT2022056,4,Data Visualization,99.0
IT2022056,4,Java Programming,95.7
IT2022056,5,Big Data Analytics,91.0
IT2022056,5,Business Intelligence,100.0
IT2022056,5,Cyber Security,90.0
IT2022056,5,Machine Learning,100.0
IT2022057,1,Communication Skills,90.8
IT2022057,1,Digital Electronics,90.1
IT2022057,1,Mathematics I,88.7
IT2022057,1,Python Programming,90.2
IT2022057,2,Data Structures,93.6
IT2022057,2,Database Management Systems,91.9
IT2022057,2,Statistics,91.0
IT2022057,2,Web Development,91.0
IT2022057,3,Computer Networks,93.2
IT2022057,3,Operating Systems,88.2
IT2022057,3,Python for Data Analytics,92.9
IT2022057,3,Software Engineering,90.5
IT2022057,4,Artificial Intelligence,95.7
IT2022057,4,Cloud Computing,89.8
IT2022057,4,Data Visualization,89.7
IT2022057,4,Java Programming,93.2
IT2022057,5,Big Data Analytics,93.0
IT2022057,5,Business Intelligence,95.0
IT2022057,5,Cyber Security,84.0
IT2022057,5,Machine Learning,90.0
IT2022058,1,Communication Skills,72.6
IT2022058,1,Digital Electronics,69.4
IT2022058,1,Mathematics I,69.3
IT2022058,1,Python Programming,67.1
IT2022058,2,Data Structures,67.4
IT2022058,2,Database Management Systems,68.0
IT2022058,2,Statistics,67.1
IT2022058,2,Web Development,67.7
IT2022058,3,Computer Networks,67.7
IT2022058,3,Operating Systems,73.4
IT2022058,3,Python for Data Analytics,70.5
IT2022058,3,Software Engineering,63.2
IT2022058,4,Artificial Intelligence,71.0
IT2022058,4,Cloud Computing,67.6
IT2022058,4,Data Visualization,63.5
IT2022058,4,Java Programming,66.1
IT2022058,5,Big Data Analytics,63.0
IT2022058,5,Business Intelligence,70.0
IT2022058,5,Cyber Security,74.0
IT2022058,5,Machine Learning,68.0
IT2022059,1,Communication Skills,84.4
IT2022059,1,Digital Electronics,85.2
IT2022059,1,Mathematics I,92.1
IT2022059,1,Python Programming,85.4
IT2022059,2,Data Structures,84.1
IT2022059,2,Database Management Systems,86.9
IT2022059,2,Statistics,89.3
IT2022059,2,Web Development,79.2
IT2022059,3,Computer Networks,83.6
IT2022059,3,Operating Systems,88.2
IT2022059,3,Python for Data Analytics,82.9
IT2022059,3,Software Engineering,88.3
IT2022059,4,Artificial Intelligence,88.3
IT2022059,4,Cloud Computing,89.2
IT2022059,4,Data Visualization,82.0
IT2022059,4,Java Programming,83.3
IT2022059,5,Big Data Analytics,88.0
IT2022059,5,Business Intelligence,88.0
IT2022059,5,Cyber Security,84.0
IT2022059,5,Machine Learning,83.0
IT2022060,1,Communication Skills,99.0
IT2022060,1,Digital Electronics,95.9
IT2022060,1,Mathematics I,97.8
IT2022060,1,Python Programming,96.2
IT2022060,2,Data Structures,99.0
IT2022060,2,Database Management Systems,99.0
IT2022060,2,Statistics,96.8
IT2022060,2,Web Development,99.0
IT2022060,3,Computer Networks,99.0
IT2022060,3,Operating Systems,97.7
IT2022060,3,Python for Data Analytics,91.8
IT2022060,3,Software Engineering,94.7
IT2022060,4,Artificial Intelligence,93.1
IT2022060,4,Cloud Computing,96.7
IT2022060,4,Data Visualization,99.0
IT2022060,4,Java Programming,96.4
IT2022060,5,Big Data Analytics,98.0
IT2022060,5,Business Intelligence,99.0
IT2022060,5,Cyber Security,98.0
IT2022060,5,Machine Learning,97.0
IT2023001,1,Communication Skills,77.7
IT2023001,1,Digital Electronics,74.9
IT2023001,1,Mathematics I,76.3
IT2023001,1,Python Programming,70.7
IT2023001,2,Data Structures,83.6
IT2023001,2,Database Management Systems,78.9
IT2023001,2,Statistics,75.1
IT2023001,2,Web Development,75.1
IT2023001,3,Computer Networks,75.3
IT2023001,3,Operating Systems,84.1
IT2023001,3,Python for Data Analytics,76.4
IT2023001,3,Software Engineering,73.8
IT2023001,4,Artificial Intelligence,81.0
IT2023001,4,Cloud Computing,72.0
IT2023001,4,Data Visualization,80.0
IT2023001,4,Java Programming,81.0
IT2023002,1,Communication Skills,82.3
IT2023002,1,Digital Electronics,86.2
IT2023002,1,Mathematics I,85.6
IT2023002,1,Python Programming,80.3
IT2023002,2,Data Structures,80.6
IT2023002,2,Database Management Systems,79.0
IT2023002,2,Statistics,81.9
IT2023002,2,Web Development,79.1
IT2023002,3,Computer Networks,79.0
IT2023002,3,Operating Systems,79.8
IT2023002,3,Python for Data Analytics,76.3
IT2023002,3,Software Engineering,82.0
IT2023002,4,Artificial Intelligence,79.0
IT2023002,4,Cloud Computing,78.0
IT2023002,4,Data Visualization,83.0
IT2023002,4,Java Programming,87.0
IT2023003,1,Communication Skills,88.4
IT2023003,1,Digital Electronics,88.5
IT2023003,1,Mathematics I,96.9
IT2023003,1,Python Programming,93.7
IT2023003,2,Data Structures,98.2
IT2023003,2,Database Management Systems,98.3
IT2023003,2,Statistics,92.3
IT2023003,2,Web Development,94.7
IT2023003,3,Computer Networks,98.4
IT2023003,3,Operating Systems,93.9
IT2023003,3,Python for Data Analytics,90.8
IT2023003,3,Software Engineering,93.1
IT2023003,4,Artificial Intelligence,90.0
IT2023003,4,Cloud Computing,90.0
IT2023003,4,Data Visualization,95.0
IT2023003,4,Java Programming,99.0
IT2023004,1,Communication Skills,87.9
IT2023004,1,Digital Electronics,88.5
IT2023004,1,Mathematics I,89.9
IT2023004,1,Python Programming,89.1
IT2023004,2,Data Structures,89.0
IT2023004,2,Database Management Systems,92.2
IT2023004,2,Statistics,92.2
IT2023004,2,Web Development,93.4
IT2023004,3,Computer Networks,91.8
IT2023004,3,Operating Systems,98.0
IT2023004,3,Python for Data Analytics,92.9
IT2023004,3,Software Engineering,95.2
IT2023004,4,Artificial Intelligence,95.0
IT2023004,4,Cloud Computing,92.0
IT2023004,4,Data Visualization,88.0
IT2023004,4,Java Programming,89.0
IT2023005,1,Communication Skills,86.3
IT2023005,1,Digital Electronics,88.3
IT2023005,1,Mathematics I,88.9
IT2023005,1,Python Programming,83.5
IT2023005,2,Data Structures,93.7
IT2023005,2,Database Management Systems,87.0
IT2023005,2,Statistics,88.9
IT2023005,2,Web Development,89.5
IT2023005,3,Computer Networks,86.6
IT2023005,3,Operating Systems,90.2
IT2023005,3,Python for Data Analytics,88.9
IT2023005,3,Software Engineering,84.5
IT2023005,4,Artificial Intelligence,88.0
IT2023005,4,Cloud Computing,92.0
IT2023005,4,Data Visualization,83.0
IT2023005,4,Java Programming,92.0
IT2023006,1,Communication Skills,90.8
IT2023006,1,Digital Electronics,86.2
IT2023006,1,Mathematics I,88.6
IT2023006,1,Python Programming,90.1
IT2023006,2,Data Structures,91.3
IT2023006,2,Database Management Systems,88.7
IT2023006,2,Statistics,85.9
IT2023006,2,Web Development,85.8
IT2023006,3,Computer Networks,84.9
IT2023006,3,Operating Systems,88.0
IT2023006,3,Python for Data Analytics,97.0
IT2023006,3,Software Engineering,90.9
IT2023006,4,Artificial Intelligence,85.0
IT2023006,4,Cloud Computing,93.0
IT2023006,4,Data Visualization,88.0
IT2023006,4,Java Programming,93.0
IT2023007,1,Communication Skills,78.7
IT2023007,1,Digital Electronics,77.3
IT2023007,1,Mathematics I,86.4
IT2023007,1,Python Programming,82.8
IT2023007,2,Data Structures,79.5
IT2023007,2,Database Management Systems,80.7
IT2023007,2,Statistics,86.0
IT2023007,2,Web Development,82.4
IT2023007,3,Computer Networks,81.1
IT2023007,3,Operating Systems,79.5
IT2023007,3,Python for Data Analytics,81.2
IT2023007,3,Software Engineering,83.1
IT2023007,4,Artificial Intelligence,83.0
IT2023007,4,Cloud Computing,80.0
IT2023007,4,Data Visualization,84.0
IT2023007,4,Java Programming,74.0
IT2023008,1,Communication Skills,98.7
IT2023008,1,Digital Electronics,96.9
IT2023008,1,Mathematics I,88.3
IT2023008,1,Python Programming,95.0
IT2023008,2,Data Structures,93.0
IT2023008,2,Database Management Systems,88.3
IT2023008,2,Statistics,96.8
IT2023008,2,Web Development,94.9
IT2023008,3,Computer Networks,94.9
IT2023008,3,Operating Systems,99.0
IT2023008,3,Python for Data Analytics,92.5
IT2023008,3,Software Engineering,92.1
IT2023008,4,Artificial Intelligence,94.0
IT2023008,4,Cloud Computing,91.0
IT2023008,4,Data Visualization,96.0
IT2023008,4,Java Programming,97.0
IT2023009,1,Communication Skills,74.7
IT2023009,1,Digital Electronics,75.7
IT2023009,1,Mathematics I,73.0
IT2023009,1,Python Programming,72.8
IT2023009,2,Data Structures,69.5
IT2023009,2,Database Management Systems,69.5
IT2023009,2,Statistics,75.0
IT2023009,2,Web Development,72.6
IT2023009,3,Computer Networks,72.9
IT2023009,3,Operating Systems,74.4
IT2023009,3,Python for Data Analytics,76.1
IT2023009,3,Software Engineering,75.9
IT2023009,4,Artificial Intelligence,71.0
IT2023009,4,Cloud Computing,80.0
IT2023009,4,Data Visualization,76.0
IT2023009,4,Java Programming,64.0
IT2023010,1,Communication Skills,93.4
IT2023010,1,Digital Electronics,93.9
IT2023010,1,Mathematics I,91.8
IT2023010,1,Python Programming,96.9
IT2023010,2,Data Structures,96.5
IT2023010,2,Database Management Systems,94.6
IT2023010,2,Statistics,94.4
IT2023010,2,Web Development,96.4
IT2023010,3,Computer Networks,96.3
IT2023010,3,Operating Systems,94.6
IT2023010,3,Python for Data Analytics,97.6
IT2023010,3,Software Engineering,91.4
IT2023010,4,Artificial Intelligence,92.0
IT2023010,4,Cloud Computing,93.0
IT2023010,4,Data Visualization,96.0
IT2023010,4,Java Programming,100.0
IT2023011,1,Communication Skills,95.1
IT2023011,1,Digital Electronics,88.1
IT2023011,1,Mathematics I,90.8
IT2023011,1,Python Programming,93.0
IT2023011,2,Data Structures,89.1
IT2023011,2,Database Management Systems,90.1
IT2023011,2,Statistics,91.8
IT2023011,2,Web Development,87.7
IT2023011,3,Computer Networks,85.7
IT2023011,3,Operating Systems,85.8
IT2023011,3,Python for Data Analytics,91.3
IT2023011,3,Software Engineering,86.5
IT2023011,4,Artificial Intelligence,86.0
IT2023011,4,Cloud Computing,94.0
IT2023011,4,Data Visualization,87.0
IT2023011,4,Java Programming,91.0
IT2023012,1,Communication Skills,90.1
IT2023012,1,Digital Electronics,90.6
IT2023012,1,Mathematics I,89.9
IT2023012,1,Python Programming,94.9
IT2023012,2,Data Structures,89.7
IT2023012,2,Database Management Systems,88.4
IT2023012,2,Statistics,87.6
IT2023012,2,Web Development,87.7
IT2023012,3,Computer Networks,89.9
IT2023012,3,Operating Systems,86.7
IT2023012,3,Python for Data Analytics,85.7
IT2023012,3,Software Engineering,90.5
IT2023012,4,Artificial Intelligence,95.0
IT2023012,4,Cloud Computing,86.0
IT2023012,4,Data Visualization,91.0
IT2023012,4,Java Programming,85.0
IT2023013,1,Communication Skills,64.3
IT2023013,1,Digital Electronics,68.1
IT2023013,1,Mathematics I,68.9
IT2023013,1,Python Programming,70.5
IT2023013,2,Data Structures,66.7
IT2023013,2,Database Management Systems,68.0
IT2023013,2,Statistics,68.6
IT2023013,2,Web Development,68.6
IT2023013,3,Computer Networks,65.7
IT2023013,3,Operating Systems,66.8
IT2023013,3,Python for Data Analytics,74.0
IT2023013,3,Software Engineering,69.9
IT2023013,4,Artificial Intelligence,72.0
IT2023013,4,Cloud Computing,61.0
IT2023013,4,Data Visualization,72.0
IT2023013,4,Java Programming,76.0
IT2023014,1,Communication Skills,80.6
IT2023014,1,Digital Electronics,73.4
IT2023014,1,Mathematics I,78.2
IT2023014,1,Python Programming,78.8
IT2023014,2,Data Structures,79.0
IT2023014,2,Database Management Systems,84.3
IT2023014,2,Statistics,82.0
IT2023014,2,Web Development,76.4
IT2023014,3,Computer Networks,80.1
IT2023014,3,Operating Systems,84.1
IT2023014,3,Python for Data Analytics,78.5
IT2023014,3,Software Engineering,75.7
IT2023014,4,Artificial Intelligence,88.0
IT2023014,4,Cloud Computing,74.0
IT2023014,4,Data Visualization,70.0
IT2023014,4,Java Programming,85.0
IT2023015,1,Communication Skills,87.7
IT2023015,1,Digital Electronics,84.5
IT2023015,1,Mathematics I,86.2
IT2023015,1,Python Programming,84.7
IT2023015,2,Data Structures,87.7
IT2023015,2,Database Management Systems,88.7
IT2023015,2,Statistics,85.3
IT2023015,2,Web Development,88.9
IT2023015,3,Computer Networks,89.6
IT2023015,3,Operating Systems,83.6
IT2023015,3,Python for Data Analytics,91.2
IT2023015,3,Software Engineering,85.0
IT2023015,4,Artificial Intelligence,82.0
IT2023015,4,Cloud Computing,82.0
IT2023015,4,Data Visualization,94.0
IT2023015,4,Java Programming,90.0
IT2023016,1,Communication Skills,78.2
IT2023016,1,Digital Electronics,72.9
IT2023016,1,Mathematics I,77.8
IT2023016,1,Python Programming,77.5
IT2023016,2,Data Structures,81.2
IT2023016,2,Database Management Systems,84.8
IT2023016,2,Statistics,79.5
IT2023016,2,Web Development,80.6
IT2023016,3,Computer Networks,77.8
IT2023016,3,Operating Systems,83.7
IT2023016,3,Python for Data Analytics,78.7
IT2023016,3,Software Engineering,85.5
IT2023016,4,Artificial Intelligence,82.0
IT2023016,4,Cloud Computing,86.0
IT2023016,4,Data Visualization,82.0
IT2023016,4,Java Programming,71.0
IT2023017,1,Communication Skills,80.9
IT2023017,1,Digital Electronics,82.2
IT2023017,1,Mathematics I,75.2
IT2023017,1,Python Programming,83.4
IT2023017,2,Data Structures,76.2
IT2023017,2,Database Management Systems,82.2
IT2023017,2,Statistics,78.8
IT2023017,2,Web Development,75.4
IT2023017,3,Computer Networks,85.7
IT2023017,3,Operating Systems,80.9
IT2023017,3,Python for Data Analytics,76.1
IT2023017,3,Software Engineering,81.9
IT2023017,4,Artificial Intelligence,74.0
IT2023017,4,Cloud Computing,86.0
IT2023017,4,Data Visualization,72.0
IT2023017,4,Java Programming,87.0
IT2023018,1,Communication Skills,66.8
IT2023018,1,Digital Electronics,67.7
IT2023018,1,Mathematics I,65.1
IT2023018,1,Python Programming,71.2
IT2023018,2,Data Structures,63.1
IT2023018,2,Database Management Systems,68.3
IT2023018,2,Statistics,71.3
IT2023018,2,Web Development,66.0
IT2023018,3,Computer Networks,68.3
IT2023018,3,Operating Systems,69.5
IT2023018,3,Python for Data Analytics,69.4
IT2023018,3,Software Engineering,75.9
IT2023018,4,Artificial Intelligence,63.0
IT2023018,4,Cloud Computing,67.0
IT2023018,4,Data Visualization,73.0
IT2023018,4,Java Programming,72.0
IT2023019,1,Communication Skills,80.0
IT2023019,1,Digital Electronics,80.4
IT2023019,1,Mathematics I,83.0
IT2023019,1,Python Programming,82.5
IT2023019,2,Data Structures,76.8
IT2023019,2,Database Management Systems,84.2
IT2023019,2,Statistics,74.6
IT2023019,2,Web Development,79.5
IT2023019,3,Computer Networks,82.4
IT2023019,3,Operating Systems,80.7
IT2023019,3,Python for Data Analytics,80.7
IT2023019,3,Software Engineering,74.2
IT2023019,4,Artificial Intelligence,85.0
IT2023019,4,Cloud Computing,74.0
IT2023019,4,Data Visualization,75.0
IT2023019,4,Java Programming,89.0
IT2023020,1,Communication Skills,79.1
IT2023020,1,Digital Electronics,79.4
IT2023020,1,Mathematics I,76.9
IT2023020,1,Python Programming,77.4
IT2023020,2,Data Structures,80.7
IT2023020,2,Database Management Systems,79.5
IT2023020,2,Statistics,82.3
IT2023020,2,Web Development,82.5
IT2023020,3,Computer Networks,75.2
IT2023020,3,Operating Systems,76.2
IT2023020,3,Python for Data Analytics,77.9
IT2023020,3,Software Engineering,77.8
IT2023020,4,Artificial Intelligence,70.0
IT2023020,4,Cloud Computing,78.0
IT2023020,4,Data Visualization,81.0
IT2023020,4,Java Programming,86.0
IT2023021,1,Communication Skills,86.5
IT2023021,1,Digital Electronics,80.7
IT2023021,1,Mathematics I,77.7
IT2023021,1,Python Programming,82.9
IT2023021,2,Data Structures,87.1
IT2023021,2,Database Management Systems,83.0
IT2023021,2,Statistics,81.5
IT2023021,2,Web Development,81.5
IT2023021,3,Computer Networks,86.5
IT2023021,3,Operating Systems,76.7
IT2023021,3,Python for Data Analytics,89.0
IT2023021,3,Software Engineering,78.4
IT2023021,4,Artificial Intelligence,84.0
IT2023021,4,Cloud Computing,88.0
IT2023021,4,Data Visualization,72.0
IT2023021,4,Java Programming,83.0
IT2023022,1,Communication Skills,87.6
IT2023022,1,Digital Electronics,85.9
IT2023022,1,Mathematics I,94.7
IT2023022,1,Python Programming,89.4
IT2023022,2,Data Structures,90.9
IT2023022,2,Database Management Systems,92.5
IT2023022,2,Statistics,94.9
IT2023022,2,Web Development,89.9
IT2023022,3,Computer Networks,91.7
IT2023022,3,Operating Systems,96.0
IT2023022,3,Python for Data Analytics,91.6
IT2023022,3,Software Engineering,96.5
IT2023022,4,Artificial Intelligence,93.0
IT2023022,4,Cloud Computing,91.0
IT2023022,4,Data Visualization,95.0
IT2023022,4,Java Programming,90.0
IT2023023,1,Communication Skills,77.6
IT2023023,1,Digital Electronics,75.9
IT2023023,1,Mathematics I,76.3
IT2023023,1,Python Programming,70.9
IT2023023,2,Data Structures,68.4
IT2023023,2,Database Management Systems,72.0
IT2023023,2,Statistics,68.5
IT2023023,2,Web Development,67.2
IT2023023,3,Computer Networks,79.7
IT2023023,3,Operating Systems,74.1
IT2023023,3,Python for Data Analytics,76.5
IT2023023,3,Software Engineering,72.1
IT2023023,4,Artificial Intelligence,71.0
IT2023023,4,Cloud Computing,74.0
IT2023023,4,Data Visualization,85.0
IT2023023,4,Java Programming,70.0
IT2023024,1,Communication Skills,90.8
IT2023024,1,Digital Electronics,86.9
IT2023024,1,Mathematics I,86.4
IT2023024,1,Python Programming,84.9
IT2023024,2,Data Structures,84.2
IT2023024,2,Database Management Systems,93.2
IT2023024,2,Statistics,94.6
IT2023024,2,Web Development,82.1
IT2023024,3,Computer Networks,84.8
IT2023024,3,Operating Systems,88.9
IT2023024,3,Python for Data Analytics,86.5
IT2023024,3,Software Engineering,90.1
IT2023024,4,Artificial Intelligence,91.0
IT2023024,4,Cloud Computing,86.0
IT2023024,4,Data Visualization,85.0
IT2023024,4,Java Programming,88.0
IT2023025,1,Communication Skills,80.4
IT2023025,1,Digital Electronics,74.6
IT2023025,1,Mathematics I,80.4
IT2023025,1,Python Programming,80.4
IT2023025,2,Data Structures,75.5
IT2023025,2,Database Management Systems,78.9
IT2023025,2,Statistics,77.3
IT2023025,2,Web Development,77.9
IT2023025,3,Computer Networks,78.9
IT2023025,3,Operating Systems,71.6
IT2023025,3,Python for Data Analytics,78.4
IT2023025,3,Software Engineering,84.1
IT2023025,4,Artificial Intelligence,79.0
IT2023025,4,Cloud Computing,72.0
IT2023025,4,Data Visualization,77.0
IT2023025,4,Java Programming,86.0
IT2023026,1,Communication Skills,96.1
IT2023026,1,Digital Electronics,97.5
IT2023026,1,Mathematics I,92.1
IT2023026,1,Python Programming,93.8
IT2023026,2,Data Structures,91.7
IT2023026,2,Database Management Systems,98.7
IT2023026,2,Statistics,91.7
IT2023026,2,Web Development,99.0
IT2023026,3,Computer Networks,91.7
IT2023026,3,Operating Systems,91.8
IT2023026,3,Python for Data Analytics,95.1
IT2023026,3,Software Engineering,94.8
IT2023026,4,Artificial Intelligence,99.0
IT2023026,4,Cloud Computing,94.0
IT2023026,4,Data Visualization,90.0
IT2023026,4,Java Programming,95.0
IT2023027,1,Communication Skills,87.6
IT2023027,1,Digital Electronics,89.3
IT2023027,1,Mathematics I,83.7
IT2023027,1,Python Programming,88.8
IT2023027,2,Data Structures,87.1
IT2023027,2,Database Management Systems,83.9
IT2023027,2,Statistics,86.5
IT2023027,2,Web Development,89.8
IT2023027,3,Computer Networks,87.8
IT2023027,3,Operating Systems,92.4
IT2023027,3,Python for Data Analytics,92.3
IT2023027,3,Software Engineering,90.2
IT2023027,4,Artificial Intelligence,84.0
IT2023027,4,Cloud Computing,93.0
IT2023027,4,Data Visualization,94.0
IT2023027,4,Java Programming,87.0
IT2023028,1,Communication Skills,98.4
IT2023028,1,Digital Electronics,93.3
IT2023028,1,Mathematics I,92.4
IT2023028,1,Python Programming,98.5
IT2023028,2,Data Structures,97.7
IT2023028,2,Database Management Systems,96.7
IT2023028,2,Statistics,90.9
IT2023028,2,Web Development,99.0
IT2023028,3,Computer Networks,96.9
IT2023028,3,Operating Systems,99.0
IT2023028,3,Python for Data Analytics,91.8
IT2023028,3,Software Engineering,93.8
IT2023028,4,Artificial Intelligence,94.0
IT2023028,4,Cloud Computing,95.0
IT2023028,4,Data Visualization,100.0
IT2023028,4,Java Programming,90.0
IT2023029,1,Communication Skills,85.4
IT2023029,1,Digital Electronics,91.0
IT2023029,1,Mathematics I,88.2
IT2023029,1,Python Programming,87.6
IT2023029,2,Data Structures,94.3
IT2023029,2,Database Management Systems,89.8
IT2023029,2,Statistics,82.9
IT2023029,2,Web Development,87.2
IT2023029,3,Computer Networks,82.9
IT2023029,3,Operating Systems,86.3
IT2023029,3,Python for Data Analytics,85.9
IT2023029,3,Software Engineering,92.6
IT2023029,4,Artificial Intelligence,82.0
IT2023029,4,Cloud Computing,93.0
IT2023029,4,Data Visualization,89.0
IT2023029,4,Java Programming,90.0
IT2023030,1,Communication Skills,90.1
IT2023030,1,Digital Electronics,87.4
IT2023030,1,Mathematics I,88.4
IT2023030,1,Python Programming,83.8
IT2023030,2,Data Structures,89.0
IT2023030,2,Database Management Systems,80.8
IT2023030,2,Statistics,87.7
IT2023030,2,Web Development,87.2
IT2023030,3,Computer Networks,86.4
IT2023030,3,Operating Systems,88.8
IT2023030,3,Python for Data Analytics,86.5
IT2023030,3,Software Engineering,89.4
IT2023030,4,Artificial Intelligence,84.0
IT2023030,4,Cloud Computing,91.0
IT2023030,4,Data Visualization,89.0
IT2023030,4,Java Programming,88.0
IT2023031,1,Communication Skills,80.3
IT2023031,1,Digital Electronics,81.7
IT2023031,1,Mathematics I,81.9
IT2023031,1,Python Programming,84.0
IT2023031,2,Data Structures,84.5
IT2023031,2,Database Management Systems,80.7
IT2023031,2,Statistics,76.6
IT2023031,2,Web Development,78.6
IT2023031,3,Computer Networks,78.2
IT2023031,3,Operating Systems,79.4
IT2023031,3,Python for Data Analytics,81.2
IT2023031,3,Software Engineering,78.2
IT2023031,4,Artificial Intelligence,82.0
IT2023031,4,Cloud Computing,78.0
IT2023031,4,Data Visualization,74.0
IT2023031,4,Java Programming,88.0
IT2023032,1,Communication Skills,84.2
IT2023032,1,Digital Electronics,81.3
IT2023032,1,Mathematics I,84.8
IT2023032,1,Python Programming,85.0
IT2023032,2,Data Structures,87.5
IT2023032,2,Database Management Systems,88.7
IT2023032,2,Statistics,83.5
IT2023032,2,Web Development,83.0
IT2023032,3,Computer Networks,86.2
IT2023032,3,Operating Systems,84.0
IT2023032,3,Python for Data Analytics,81.9
IT2023032,3,Software Engineering,84.5
IT2023032,4,Artificial Intelligence,83.0
IT2023032,4,Cloud Computing,84.0
IT2023032,4,Data Visualization,85.0
IT2023032,4,Java Programming,87.0
IT2023033,1,Communication Skills,78.3
IT2023033,1,Digital Electronics,84.9
IT2023033,1,Mathematics I,81.9
IT2023033,1,Python Programming,81.6
IT2023033,2,Data Structures,80.9
IT2023033,2,Database Management Systems,78.8
IT2023033,2,Statistics,73.3
IT2023033,2,Web Development,79.9
IT2023033,3,Computer Networks,83.1
IT2023033,3,Operating Systems,76.2
IT2023033,3,Python for Data Analytics,76.7
IT2023033,3,Software Engineering,80.5
IT2023033,4,Artificial Intelligence,76.0
IT2023033,4,Cloud Computing,87.0
IT2023033,4,Data Visualization,80.0
IT2023033,4,Java Programming,75.0
IT2023034,1,Communication Skills,81.5
IT2023034,1,Digital Electronics,79.8
IT2023034,1,Mathematics I,78.4
IT2023034,1,Python Programming,80.9
IT2023034,2,Data Structures,75.6
IT2023034,2,Database Management Systems,74.2
IT2023034,2,Statistics,73.4
IT2023034,2,Web Development,79.3
IT2023034,3,Computer Networks,79.6
IT2023034,3,Operating Systems,82.5
IT2023034,3,Python for Data Analytics,79.7
IT2023034,3,Software Engineering,81.7
IT2023034,4,Artificial Intelligence,80.0
IT2023034,4,Cloud Computing,79.0
IT2023034,4,Data Visualization,73.0
IT2023034,4,Java Programming,84.0
IT2023035,1,Communication Skills,92.8
IT2023035,1,Digital Electronics,96.8
IT2023035,1,Mathematics I,88.9
IT2023035,1,Python Programming,91.7
IT2023035,2,Data Structures,87.0
IT2023035,2,Database Management Systems,86.8
IT2023035,2,Statistics,91.2
IT2023035,2,Web Development,93.8
IT2023035,3,Computer Networks,91.8
IT2023035,3,Operating Systems,93.1
IT2023035,3,Python for Data Analytics,93.7
IT2023035,3,Software Engineering,94.0
IT2023035,4,Artificial Intelligence,95.0
IT2023035,4,Cloud Computing,92.0
IT2023035,4,Data Visualization,88.0
IT2023035,4,Java Programming,93.0
IT2023036,1,Communication Skills,83.2
IT2023036,1,Digital Electronics,80.3
IT2023036,1,Mathematics I,81.4
IT2023036,1,Python Programming,77.1
IT2023036,2,Data Structures,77.2
IT2023036,2,Database Management Systems,81.5
IT2023036,2,Statistics,78.8
IT2023036,2,Web Development,79.4
IT2023036,3,Computer Networks,81.2
IT2023036,3,Operating Systems,82.3
IT2023036,3,Python for Data Analytics,80.8
IT2023036,3,Software Engineering,81.0
IT2023036,4,Artificial Intelligence,74.0
IT2023036,4,Cloud Computing,84.0
IT2023036,4,Data Visualization,87.0
IT2023036,4,Java Programming,82.0
IT2023037,1,Communication Skills,87.1
IT2023037,1,Digital Electronics,89.8
IT2023037,1,Mathematics I,88.2
IT2023037,1,Python Programming,89.1
IT2023037,2,Data Structures,83.0
IT2023037,2,Database Management Systems,84.3
IT2023037,2,Statistics,89.8
IT2023037,2,Web Development,84.9
IT2023037,3,Computer Networks,85.1
IT2023037,3,Operating Systems,85.1
IT2023037,3,Python for Data Analytics,88.7
IT2023037,3,Software Engineering,85.2
IT2023037,4,Artificial Intelligence,92.0
IT2023037,4,Cloud Computing,87.0
IT2023037,4,Data Visualization,84.0
IT2023037,4,Java Programming,82.0
IT2023038,1,Communication Skills,80.9
IT2023038,1,Digital Electronics,76.3
IT2023038,1,Mathematics I,76.8
IT2023038,1,Python Programming,84.7
IT2023038,2,Data Structures,80.1
IT2023038,2,Database Management Systems,81.7
IT2023038,2,Statistics,76.9
IT2023038,2,Web Development,81.4
IT2023038,3,Computer Networks,87.1
IT2023038,3,Operating Systems,71.0
IT2023038,3,Python for Data Analytics,73.1
IT2023038,3,Software Engineering,77.1
IT2023038,4,Artificial Intelligence,74.0
IT2023038,4,Cloud Computing,76.0
IT2023038,4,Data Visualization,72.0
IT2023038,4,Java Programming,88.0
IT2023039,1,Communication Skills,80.1
IT2023039,1,Digital Electronics,90.0
IT2023039,1,Mathematics I,83.6
IT2023039,1,Python Programming,89.2
IT2023039,2,Data Structures,85.2
IT2023039,2,Database Management Systems,87.0
IT2023039,2,Statistics,86.6
IT2023039,2,Web Development,84.3
IT2023039,3,Computer Networks,85.0
IT2023039,3,Operating Systems,80.9
IT2023039,3,Python for Data Analytics,85.4
IT2023039,3,Software Engineering,88.6
IT2023039,4,Artificial Intelligence,89.0
IT2023039,4,Cloud Computing,88.0
IT2023039,4,Data Visualization,82.0
IT2023039,4,Java Programming,83.0
IT2023040,1,Communication Skills,77.6
IT2023040,1,Digital Electronics,80.8
IT2023040,1,Mathematics I,76.9
IT2023040,1,Python Programming,77.8
IT2023040,2,Data Structures,80.0
IT2023040,2,Database Management Systems,74.7
IT2023040,2,Statistics,71.5
IT2023040,2,Web Development,76.7
IT2023040,3,Computer Networks,77.5
IT2023040,3,Operating Systems,75.3
IT2023040,3,Python for Data Analytics,73.8
IT2023040,3,Software Engineering,75.7
IT2023040,4,Artificial Intelligence,71.0
IT2023040,4,Cloud Computing,78.0
IT2023040,4,Data Visualization,76.0
IT2023040,4,Java Programming,83.0
IT2023041,1,Communication Skills,69.9
IT2023041,1,Digital Electronics,65.7
IT2023041,1,Mathematics I,64.0
IT2023041,1,Python Programming,66.5
IT2023041,2,Data Structures,70.6
IT2023041,2,Database Management Systems,64.7
IT2023041,2,Statistics,66.8
IT2023041,2,Web Development,69.5
IT2023041,3,Computer Networks,67.0
IT2023041,3,Operating Systems,66.4
IT2023041,3,Python for Data Analytics,69.3
IT2023041,3,Software Engineering,70.7
IT2023041,4,Artificial Intelligence,64.0
IT2023041,4,Cloud Computing,62.0
IT2023041,4,Data Visualization,77.0
IT2023041,4,Java Programming,69.0
IT2023042,1,Communication Skills,81.1
IT2023042,1,Digital Electronics,81.9
IT2023042,1,Mathematics I,82.8
IT2023042,1,Python Programming,87.1
IT2023042,2,Data Structures,89.1
IT2023042,2,Database Management Systems,82.9
IT2023042,2,Statistics,82.7
IT2023042,2,Web Development,80.9
IT2023042,3,Computer Networks,84.5
IT2023042,3,Operating Systems,83.9
IT2023042,3,Python for Data Analytics,80.3
IT2023042,3,Software Engineering,82.3
IT2023042,4,Artificial Intelligence,85.0
IT2023042,4,Cloud Computing,81.0
IT2023042,4,Data Visualization,87.0
IT2023042,4,Java Programming,86.0
IT2023043,1,Communication Skills,78.8
IT2023043,1,Digital Electronics,77.6
IT2023043,1,Mathematics I,86.8
IT2023043,1,Python Programming,82.6
IT2023043,2,Data Structures,81.7
IT2023043,2,Database Management Systems,74.9
IT2023043,2,Statistics,79.4
IT2023043,2,Web Development,79.6
IT2023043,3,Computer Networks,83.6
IT2023043,3,Operating Systems,81.4
IT2023043,3,Python for Data Analytics,82.3
IT2023043,3,Software Engineering,78.5
IT2023043,4,Artificial Intelligence,78.0
IT2023043,4,Cloud Computing,80.0
IT2023043,4,Data Visualization,78.0
IT2023043,4,Java Programming,86.0
IT2023044,1,Communication Skills,84.6
IT2023044,1,Digital Electronics,75.6
IT2023044,1,Mathematics I,79.4
IT2023044,1,Python Programming,81.1
IT2023044,2,Data Structures,75.9
IT2023044,2,Database Management Systems,77.6
IT2023044,2,Statistics,79.8
IT2023044,2,Web Development,79.9
IT2023044,3,Computer Networks,76.9
IT2023044,3,Operating Systems,79.4
IT2023044,3,Python for Data Analytics,79.4
IT2023044,3,Software Engineering,85.0
IT2023044,4,Artificial Intelligence,77.0
IT2023044,4,Cloud Computing,73.0
IT2023044,4,Data Visualization,88.0
IT2023044,4,Java Programming,85.0
IT2023045,1,Communication Skills,71.9
IT2023045,1,Digital Electronics,67.3
IT2023045,1,Mathematics I,66.8
IT2023045,1,Python Programming,66.7
IT2023045,2,Data Structures,67.6
IT2023045,2,Database Management Systems,67.8
IT2023045,2,Statistics,65.1
IT2023045,2,Web Development,63.0
IT2023045,3,Computer Networks,67.7
IT2023045,3,Operating Systems,69.3
IT2023045,3,Python for Data Analytics,70.6
IT2023045,3,Software Engineering,72.6
IT2023045,4,Artificial Intelligence,78.0
IT2023045,4,Cloud Computing,65.0
IT2023045,4,Data Visualization,72.0
IT2023045,4,Java Programming,61.0
IT2023046,1,Communication Skills,80.6
IT2023046,1,Digital Electronics,83.8
IT2023046,1,Mathematics I,79.5
IT2023046,1,Python Programming,79.9
IT2023046,2,Data Structures,79.7
IT2023046,2,Database Management Systems,77.4
IT2023046,2,Statistics,73.9
IT2023046,2,Web Development,81.3
IT2023046,3,Computer Networks,79.2
IT2023046,3,Operating Systems,80.2
IT2023046,3,Python for Data Analytics,72.9
IT2023046,3,Software Engineering,80.9
IT2023046,4,Artificial Intelligence,79.0
IT2023046,4,Cloud Computing,76.0
IT2023046,4,Data Visualization,81.0
IT2023046,4,Java Programming,81.0
IT2023047,1,Communication Skills,81.9
IT2023047,1,Digital Electronics,73.6
IT2023047,1,Mathematics I,78.4
IT2023047,1,Python Programming,76.2
IT2023047,2,Data Structures,83.5
IT2023047,2,Database Management Systems,75.0
IT2023047,2,Statistics,79.1
IT2023047,2,Web Development,81.4
IT2023047,3,Computer Networks,81.1
IT2023047,3,Operating Systems,78.1
IT2023047,3,Python for Data Analytics,76.3
IT2023047,3,Software Engineering,85.1
IT2023047,4,Artificial Intelligence,80.0
IT2023047,4,Cloud Computing,86.0
IT2023047,4,Data Visualization,77.0
IT2023047,4,Java Programming,71.0
IT2023048,1,Communication Skills,74.9
IT2023048,1,Digital Electronics,74.1
IT2023048,1,Mathematics I,74.7
IT2023048,1,Python Programming,75.6
IT2023048,2,Data Structures,76.3
IT2023048,2,Database Management Systems,74.3
IT2023048,2,Statistics,70.5
IT2023048,2,Web Development,74.3
IT2023048,3,Computer Networks,72.3
IT2023048,3,Operating Systems,72.9
IT2023048,3,Python for Data Analytics,75.1
IT2023048,3,Software Engineering,72.4
IT2023048,4,Artificial Intelligence,74.0
IT2023048,4,Cloud Computing,70.0
IT2023048,4,Data Visualization,75.0
IT2023048,4,Java Programming,74.0
IT2023049,1,Communication Skills,80.6
IT2023049,1,Digital Electronics,82.6
IT2023049,1,Mathematics I,78.8
IT2023049,1,Python Programming,79.3
IT2023049,2,Data Structures,80.7
IT2023049,2,Database Management Systems,79.7
IT2023049,2,Statistics,83.3
IT2023049,2,Web Development,82.7
IT2023049,3,Computer Networks,78.1
IT2023049,3,Operating Systems,78.6
IT2023049,3,Python for Data Analytics,77.2
IT2023049,3,Software Engineering,84.4
IT2023049,4,Artificial Intelligence,80.0
IT2023049,4,Cloud Computing,73.0
IT2023049,4,Data Visualization,81.0
IT2023049,4,Java Programming,86.0
IT2023050,1,Communication Skills,87.0
IT2023050,1,Digital Electronics,80.8
IT2023050,1,Mathematics I,81.0
IT2023050,1,Python Programming,83.4
IT2023050,2,Data Structures,82.0
IT2023050,2,Database Management Systems,84.3
IT2023050,2,Statistics,83.9
IT2023050,2,Web Development,85.3
IT2023050,3,Computer Networks,85.5
IT2023050,3,Operating Systems,85.3
IT2023050,3,Python for Data Analytics,86.2
IT2023050,3,Software Engineering,85.1
IT2023050,4,Artificial Intelligence,88.0
IT2023050,4,Cloud Computing,87.0
IT2023050,4,Data Visualization,80.0
IT2023050,4,Java Programming,83.0
IT2023051,1,Communication Skills,66.1
IT2023051,1,Digital Electronics,71.4
IT2023051,1,Mathematics I,72.6
IT2023051,1,Python Programming,65.1
IT2023051,2,Data Structures,70.8
IT2023051,2,Database Management Systems,76.5
IT2023051,2,Statistics,73.3
IT2023051,2,Web Development,71.8
IT2023051,3,Computer Networks,71.7
IT2023051,3,Operating Systems,68.9
IT2023051,3,Python for Data Analytics,69.3
IT2023051,3,Software Engineering,80.1
IT2023051,4,Artificial Intelligence,78.0
IT2023051,4,Cloud Computing,78.0
IT2023051,4,Data Visualization,65.0
IT2023051,4,Java Programming,69.0
IT2023052,1,Communication Skills,85.4
IT2023052,1,Digital Electronics,76.5
IT2023052,1,Mathematics I,81.7
IT2023052,1,Python Programming,76.0
IT2023052,2,Data Structures,84.2
IT2023052,2,Database Management Systems,79.4
IT2023052,2,Statistics,90.6
IT2023052,2,Web Development,79.6
IT2023052,3,Computer Networks,85.8
IT2023052,3,Operating Systems,86.6
IT2023052,3,Python for Data Analytics,85.0
IT2023052,3,Software Engineering,89.1
IT2023052,4,Artificial Intelligence,74.0
IT2023052,4,Cloud Computing,88.0
IT2023052,4,Data Visualization,89.0
IT2023052,4,Java Programming,89.0
IT2023053,1,Communication Skills,76.0
IT2023053,1,Digital Electronics,70.7
IT2023053,1,Mathematics I,77.4
IT2023053,1,Python Programming,70.3
IT2023053,2,Data Structures,64.3
IT2023053,2,Database Management Systems,74.5
IT2023053,2,Statistics,77.9
IT2023053,2,Web Development,72.3
IT2023053,3,Computer Networks,79.1
IT2023053,3,Operating Systems,69.5
IT2023053,3,Python for Data Analytics,72.1
IT2023053,3,Software Engineering,70.6
IT2023053,4,Artificial Intelligence,70.0
IT2023053,4,Cloud Computing,72.0
IT2023053,4,Data Visualization,80.0
IT2023053,4,Java Programming,72.0
IT2023054,1,Communication Skills,77.7
IT2023054,1,Digital Electronics,73.3
IT2023054,1,Mathematics I,77.6
IT2023054,1,Python Programming,73.8
IT2023054,2,Data Structures,75.3
IT2023054,2,Database Management Systems,78.2
IT2023054,2,Statistics,79.2
IT2023054,2,Web Development,77.0
IT2023054,3,Computer Networks,74.5
IT2023054,3,Operating Systems,75.1
IT2023054,3,Python for Data Analytics,74.3
IT2023054,3,Software Engineering,72.7
IT2023054,4,Artificial Intelligence,84.0
IT2023054,4,Cloud Computing,70.0
IT2023054,4,Data Visualization,78.0
IT2023054,4,Java Programming,77.0
IT2023055,1,Communication Skills,86.3
IT2023055,1,Digital Electronics,84.7
IT2023055,1,Mathematics I,87.8
IT2023055,1,Python Programming,92.1
IT2023055,2,Data Structures,90.6
IT2023055,2,Database Management Systems,82.4
IT2023055,2,Statistics,91.1
IT2023055,2,Web Development,92.5
IT2023055,3,Computer Networks,82.3
IT2023055,3,Operating Systems,91.0
IT2023055,3,Python for Data Analytics,90.7
IT2023055,3,Software Engineering,84.1
IT2023055,4,Artificial Intelligence,94.0
IT2023055,4,Cloud Computing,88.0
IT2023055,4,Data Visualization,88.0
IT2023055,4,Java Programming,84.0
IT2023056,1,Communication Skills,87.6
IT2023056,1,Digital Electronics,90.2
IT2023056,1,Mathematics I,85.7
IT2023056,1,Python Programming,87.9
IT2023056,2,Data Structures,85.0
IT2023056,2,Database Management Systems,87.3
IT2023056,2,Statistics,83.3
IT2023056,2,Web Development,88.5
IT2023056,3,Computer Networks,84.7
IT2023056,3,Operating Systems,87.1
IT2023056,3,Python for Data Analytics,87.4
IT2023056,3,Software Engineering,82.2
IT2023056,4,Artificial Intelligence,86.0
IT2023056,4,Cloud Computing,83.0
IT2023056,4,Data Visualization,85.0
IT2023056,4,Java Programming,92.0
IT2023057,1,Communication Skills,86.7
IT2023057,1,Digital Electronics,87.3
IT2023057,1,Mathematics I,88.6
IT2023057,1,Python Programming,83.9
IT2023057,2,Data Structures,87.2
IT2023057,2,Database Management Systems,85.9
IT2023057,2,Statistics,85.0
IT2023057,2,Web Development,84.2
IT2023057,3,Computer Networks,79.9
IT2023057,3,Operating Systems,86.6
IT2023057,3,Python for Data Analytics,82.3
IT2023057,3,Software Engineering,90.2
IT2023057,4,Artificial Intelligence,90.0
IT2023057,4,Cloud Computing,84.0
IT2023057,4,Data Visualization,87.0
IT2023057,4,Java Programming,86.0
IT2023058,1,Communication Skills,94.6
IT2023058,1,Digital Electronics,96.0
IT2023058,1,Mathematics I,92.5
IT2023058,1,Python Programming,95.0
IT2023058,2,Data Structures,93.1
IT2023058,2,Database Management Systems,94.8
IT2023058,2,Statistics,88.3
IT2023058,2,Web Development,94.4
IT2023058,3,Computer Networks,90.8
IT2023058,3,Operating Systems,95.2
IT2023058,3,Python for Data Analytics,92.8
IT2023058,3,Software Engineering,96.3
IT2023058,4,Artificial Intelligence,90.0
IT2023058,4,Cloud Computing,99.0
IT2023058,4,Data Visualization,90.0
IT2023058,4,Java Programming,99.0
IT2023059,1,Communication Skills,80.6
IT2023059,1,Digital Electronics,80.8
IT2023059,1,Mathematics I,81.3
IT2023059,1,Python Programming,84.1
IT2023059,2,Data Structures,81.3
IT2023059,2,Database Management Systems,80.5
IT2023059,2,Statistics,79.8
IT2023059,2,Web Development,77.8
IT2023059,3,Computer Networks,79.0
IT2023059,3,Operating Systems,78.9
IT2023059,3,Python for Data Analytics,77.4
IT2023059,3,Software Engineering,81.0
IT2023059,4,Artificial Intelligence,73.0
IT2023059,4,Cloud Computing,79.0
IT2023059,4,Data Visualization,87.0
IT2023059,4,Java Programming,76.0
IT2023060,1,Communication Skills,78.4
IT2023060,1,Digital Electronics,84.3
IT2023060,1,Mathematics I,79.6
IT2023060,1,Python Programming,80.8
IT2023060,2,Data Structures,85.0
IT2023060,2,Database Management Systems,86.2
IT2023060,2,Statistics,82.5
IT2023060,2,Web Development,84.1
IT2023060,3,Computer Networks,78.7
IT2023060,3,Operating Systems,89.1
IT2023060,3,Python for Data Analytics,81.4
IT2023060,3,Software Engineering,81.2
IT2023060,4,Artificial Intelligence,89.0
IT2023060,4,Cloud Computing,83.0
IT2023060,4,Data Visualization,71.0
IT2023060,4,Java Programming,88.0
IT2024001,1,Communication Skills,88.7
IT2024001,1,Digital Electronics,86.7
IT2024001,1,Mathematics I,83.9
IT2024001,1,Python Programming,76.0
IT2024001,2,Data Structures,80.2
IT2024001,2,Database Management Systems,79.9
IT2024001,2,Statistics,80.7
IT2024001,2,Web Development,84.9
IT2024001,3,Computer Networks,88.0
IT2024001,3,Operating Systems,79.0
IT2024001,3,Python for Data Analytics,71.0
IT2024001,3,Software Engineering,89.0
IT2024002,1,Communication Skills,73.9
IT2024002,1,Digital Electronics,79.1
IT2024002,1,Mathematics I,78.4
IT2024002,1,Python Programming,73.7
IT2024002,2,Data Structures,68.8
IT2024002,2,Database Management Systems,78.3
IT2024002,2,Statistics,72.8
IT2024002,2,Web Development,71.3
IT2024002,3,Computer Networks,69.0
IT2024002,3,Operating Systems,76.0
IT2024002,3,Python for Data Analytics,69.0
IT2024002,3,Software Engineering,77.0
IT2024003,1,Communication Skills,98.5
IT2024003,1,Digital Electronics,99.0
IT2024003,1,Mathematics I,98.2
IT2024003,1,Python Programming,92.3
IT2024003,2,Data Structures,95.5
IT2024003,2,Database Management Systems,95.0
IT2024003,2,Statistics,98.7
IT2024003,2,Web Development,97.5
IT2024003,3,Computer Networks,95.0
IT2024003,3,Operating Systems,98.0
IT2024003,3,Python for Data Analytics,100.0
IT2024003,3,Software Engineering,98.0
IT2024004,1,Communication Skills,88.6
IT2024004,1,Digital Electronics,88.7
IT2024004,1,Mathematics I,94.4
IT2024004,1,Python Programming,83.8
IT2024004,2,Data Structures,86.5
IT2024004,2,Database Management Systems,84.7
IT2024004,2,Statistics,91.4
IT2024004,2,Web Development,88.9
IT2024004,3,Computer Networks,89.0
IT2024004,3,Operating Systems,88.0
IT2024004,3,Python for Data Analytics,88.0
IT2024004,3,Software Engineering,86.0
IT2024005,1,Communication Skills,84.0
IT2024005,1,Digital Electronics,86.0
IT2024005,1,Mathematics I,80.9
IT2024005,1,Python Programming,84.3
IT2024005,2,Data Structures,81.9
IT2024005,2,Database Management Systems,87.3
IT2024005,2,Statistics,80.2
IT2024005,2,Web Development,81.6
IT2024005,3,Computer Networks,86.0
IT2024005,3,Operating Systems,83.0
IT2024005,3,Python for Data Analytics,84.0
IT2024005,3,Software Engineering,77.0
IT2024006,1,Communication Skills,80.4
IT2024006,1,Digital Electronics,84.1
IT2024006,1,Mathematics I,81.1
IT2024006,1,Python Programming,80.8
IT2024006,2,Data Structures,79.6
IT2024006,2,Database Management Systems,77.7
IT2024006,2,Statistics,78.4
IT2024006,2,Web Development,72.5
IT2024006,3,Computer Networks,76.0
IT2024006,3,Operating Systems,81.0
IT2024006,3,Python for Data Analytics,80.0
IT2024006,3,Software Engineering,82.0
IT2024007,1,Communication Skills,78.2
IT2024007,1,Digital Electronics,76.4
IT2024007,1,Mathematics I,69.3
IT2024007,1,Python Programming,72.1
IT2024007,2,Data Structures,70.3
IT2024007,2,Database Management Systems,68.9
IT2024007,2,Statistics,74.1
IT2024007,2,Web Development,69.8
IT2024007,3,Computer Networks,75.0
IT2024007,3,Operating Systems,78.0
IT2024007,3,Python for Data Analytics,62.0
IT2024007,3,Software Engineering,70.0
IT2024008,1,Communication Skills,92.5
IT2024008,1,Digital Electronics,89.9
IT2024008,1,Mathematics I,90.5
IT2024008,1,Python Programming,89.5
IT2024008,2,Data Structures,94.4
IT2024008,2,Database Management Systems,87.7
IT2024008,2,Statistics,90.7
IT2024008,2,Web Development,95.6
IT2024008,3,Computer Networks,85.0
IT2024008,3,Operating Systems,93.0
IT2024008,3,Python for Data Analytics,85.0
IT2024008,3,Software Engineering,93.0
IT2024009,1,Communication Skills,82.9
IT2024009,1,Digital Electronics,77.4
IT2024009,1,Mathematics I,80.7
IT2024009,1,Python Programming,76.7
IT2024009,2,Data Structures,79.8
IT2024009,2,Database Management Systems,78.4
IT2024009,2,Statistics,81.8
IT2024009,2,Web Development,82.5
IT2024009,3,Computer Networks,87.0
IT2024009,3,Operating Systems,79.0
IT2024009,3,Python for Data Analytics,77.0
IT2024009,3,Software Engineering,78.0
IT2024010,1,Communication Skills,83.1
IT2024010,1,Digital Electronics,75.6
IT2024010,1,Mathematics I,84.3
IT2024010,1,Python Programming,79.2
IT2024010,2,Data Structures,76.8
IT2024010,2,Database Management Systems,81.7
IT2024010,2,Statistics,80.9
IT2024010,2,Web Development,79.2
IT2024010,3,Computer Networks,81.0
IT2024010,3,Operating Systems,85.0
IT2024010,3,Python for Data Analytics,85.0
IT2024010,3,Software Engineering,71.0
IT2024011,1,Communication Skills,69.1
IT2024011,1,Digital Electronics,69.1
IT2024011,1,Mathematics I,71.6
IT2024011,1,Python Programming,65.4
IT2024011,2,Data Structures,68.1
IT2024011,2,Database Management Systems,64.9
IT2024011,2,Statistics,66.2
IT2024011,2,Web Development,69.3
IT2024011,3,Computer Networks,64.0
IT2024011,3,Operating Systems,77.0
IT2024011,3,Python for Data Analytics,64.0
IT2024011,3,Software Engineering,67.0
IT2024012,1,Communication Skills,76.8
IT2024012,1,Digital Electronics,79.3
IT2024012,1,Mathematics I,75.6
IT2024012,1,Python Programming,85.0
IT2024012,2,Data Structures,79.4
IT2024012,2,Database Management Systems,78.8
IT2024012,2,Statistics,82.3
IT2024012,2,Web Development,75.5
IT2024012,3,Computer Networks,85.0
IT2024012,3,Operating Systems,80.0
IT2024012,3,Python for Data Analytics,77.0
IT2024012,3,Software Engineering,75.0
IT2024013,1,Communication Skills,58.0
IT2024013,1,Digital Electronics,64.7
IT2024013,1,Mathematics I,67.3
IT2024013,1,Python Programming,66.0
IT2024013,2,Data Structures,66.9
IT2024013,2,Database Management Systems,59.9
IT2024013,2,Statistics,60.3
IT2024013,2,Web Development,62.1
IT2024013,3,Computer Networks,61.0
IT2024013,3,Operating Systems,65.0
IT2024013,3,Python for Data Analytics,64.0
IT2024013,3,Software Engineering,62.0
IT2024014,1,Communication Skills,65.9
IT2024014,1,Digital Electronics,77.4
IT2024014,1,Mathematics I,69.1
IT2024014,1,Python Programming,68.0
IT2024014,2,Data Structures,71.8
IT2024014,2,Database Management Systems,70.9
IT2024014,2,Statistics,67.8
IT2024014,2,Web Development,69.7
IT2024014,3,Computer Networks,64.0
IT2024014,3,Operating Systems,80.0
IT2024014,3,Python for Data Analytics,60.0
IT2024014,3,Software Engineering,76.0
IT2024015,1,Communication Skills,78.0
IT2024015,1,Digital Electronics,80.0
IT2024015,1,Mathematics I,80.7
IT2024015,1,Python Programming,72.7
IT2024015,2,Data Structures,78.8
IT2024015,2,Database Management Systems,78.1
IT2024015,2,Statistics,79.7
IT2024015,2,Web Development,79.5
IT2024015,3,Computer Networks,87.0
IT2024015,3,Operating Systems,85.0
IT2024015,3,Python for Data Analytics,71.0
IT2024015,3,Software Engineering,70.0
IT2024016,1,Communication Skills,76.3
IT2024016,1,Digital Electronics,78.0
IT2024016,1,Mathematics I,75.1
IT2024016,1,Python Programming,73.0
IT2024016,2,Data Structures,73.9
IT2024016,2,Database Management Systems,78.7
IT2024016,2,Statistics,77.6
IT2024016,2,Web Development,84.1
IT2024016,3,Computer Networks,73.0
IT2024016,3,Operating Systems,83.0
IT2024016,3,Python for Data Analytics,79.0
IT2024016,3,Software Engineering,76.0
IT2024017,1,Communication Skills,73.6
IT2024017,1,Digital Electronics,69.1
IT2024017,1,Mathematics I,68.4
IT2024017,1,Python Programming,71.6
IT2024017,2,Data Structures,67.3
IT2024017,2,Database Management Systems,70.0
IT2024017,2,Statistics,68.7
IT2024017,2,Web Development,70.9
IT2024017,3,Computer Networks,72.0
IT2024017,3,Operating Systems,72.0
IT2024017,3,Python for Data Analytics,71.0
IT2024017,3,Software Engineering,67.0
IT2024018,1,Communication Skills,91.4
IT2024018,1,Digital Electronics,86.9
IT2024018,1,Mathematics I,91.0
IT2024018,1,Python Programming,93.4
IT2024018,2,Data Structures,89.5
IT2024018,2,Database Management Systems,93.6
IT2024018,2,Statistics,86.6
IT2024018,2,Web Development,90.3
IT2024018,3,Computer Networks,94.0
IT2024018,3,Operating Systems,92.0
IT2024018,3,Python for Data Analytics,86.0
IT2024018,3,Software Engineering,88.0
IT2024019,1,Communication Skills,71.5
IT2024019,1,Digital Electronics,75.7
IT2024019,1,Mathematics I,75.4
IT2024019,1,Python Programming,72.0
IT2024019,2,Data Structures,80.1
IT2024019,2,Database Management Systems,73.8
IT2024019,2,Statistics,72.5
IT2024019,2,Web Development,77.2
IT2024019,3,Computer Networks,65.0
IT2024019,3,Operating Systems,80.0
IT2024019,3,Python for Data Analytics,77.0
IT2024019,3,Software Engineering,73.0
IT2024020,1,Communication Skills,88.3
IT2024020,1,Digital Electronics,89.6
IT2024020,1,Mathematics I,85.9
IT2024020,1,Python Programming,86.2
IT2024020,2,Data Structures,92.6
IT2024020,2,Database Management Systems,84.5
IT2024020,2,Statistics,86.6
IT2024020,2,Web Development,90.1
IT2024020,3,Computer Networks,85.0
IT2024020,3,Operating Systems,90.0
IT2024020,3,Python for Data Analytics,91.0
IT2024020,3,Software Engineering,89.0
IT2024021,1,Communication Skills,78.4
IT2024021,1,Digital Electronics,81.1
IT2024021,1,Mathematics I,78.9
IT2024021,1,Python Programming,72.7
IT2024021,2,Data Structures,80.6
IT2024021,2,Database Management Systems,79.8
IT2024021,2,Statistics,77.1
IT2024021,2,Web Development,88.5
IT2024021,3,Computer Networks,80.0
IT2024021,3,Operating Systems,88.0
IT2024021,3,Python for Data Analytics,72.0
IT2024021,3,Software Engineering,88.0
IT2024022,1,Communication Skills,88.6
IT2024022,1,Digital Electronics,90.8
IT2024022,1,Mathematics I,92.5
IT2024022,1,Python Programming,86.7
IT2024022,2,Data Structures,90.6
IT2024022,2,Database Management Systems,89.8
IT2024022,2,Statistics,88.9
IT2024022,2,Web Development,95.4
IT2024022,3,Computer Networks,95.0
IT2024022,3,Operating Systems,91.0
IT2024022,3,Python for Data Analytics,83.0
IT2024022,3,Software Engineering,92.0
IT2024023,1,Communication Skills,77.3
IT2024023,1,Digital Electronics,81.2
IT2024023,1,Mathematics I,74.2
IT2024023,1,Python Programming,78.4
IT2024023,2,Data Structures,75.6
IT2024023,2,Database Management Systems,77.7
IT2024023,2,Statistics,76.8
IT2024023,2,Web Development,76.2
IT2024023,3,Computer Networks,83.0
IT2024023,3,Operating Systems,81.0
IT2024023,3,Python for Data Analytics,74.0
IT2024023,3,Software Engineering,72.0
IT2024024,1,Communication Skills,92.9
IT2024024,1,Digital Electronics,94.4
IT2024024,1,Mathematics I,91.5
IT2024024,1,Python Programming,93.5
IT2024024,2,Data Structures,93.7
IT2024024,2,Database Management Systems,96.2
IT2024024,2,Statistics,89.9
IT2024024,2,Web Development,91.2
IT2024024,3,Computer Networks,82.0
IT2024024,3,Operating Systems,88.0
IT2024024,3,Python for Data Analytics,94.0
IT2024024,3,Software Engineering,94.0
IT2024025,1,Communication Skills,89.5
IT2024025,1,Digital Electronics,86.8
IT2024025,1,Mathematics I,83.9
IT2024025,1,Python Programming,89.4
IT2024025,2,Data Structures,84.0
IT2024025,2,Database Management Systems,88.8
IT2024025,2,Statistics,91.6
IT2024025,2,Web Development,90.2
IT2024025,3,Computer Networks,92.0
IT2024025,3,Operating Systems,88.0
IT2024025,3,Python for Data Analytics,85.0
IT2024025,3,Software Engineering,88.0
IT2024026,1,Communication Skills,80.1
IT2024026,1,Digital Electronics,87.0
IT2024026,1,Mathematics I,81.0
IT2024026,1,Python Programming,80.4
IT2024026,2,Data Structures,81.6
IT2024026,2,Database Management Systems,81.4
IT2024026,2,Statistics,78.7
IT2024026,2,Web Development,81.1
IT2024026,3,Computer Networks,78.0
IT2024026,3,Operating Systems,77.0
IT2024026,3,Python for Data Analytics,89.0
IT2024026,3,Software Engineering,74.0
IT2024027,1,Communication Skills,75.0
IT2024027,1,Digital Electronics,70.0
IT2024027,1,Mathematics I,80.7
IT2024027,1,Python Programming,74.8
IT2024027,2,Data Structures,71.3
IT2024027,2,Database Management Systems,74.2
IT2024027,2,Statistics,77.0
IT2024027,2,Web Development,75.5
IT2024027,3,Computer Networks,81.0
IT2024027,3,Operating Systems,70.0
IT2024027,3,Python for Data Analytics,81.0
IT2024027,3,Software Engineering,74.0
IT2024028,1,Communication Skills,84.9
IT2024028,1,Digital Electronics,86.0
IT2024028,1,Mathematics I,89.2
IT2024028,1,Python Programming,93.6
IT2024028,2,Data Structures,87.5
IT2024028,2,Database Management Systems,86.6
IT2024028,2,Statistics,87.0
IT2024028,2,Web Development,89.1
IT2024028,3,Computer Networks,83.0
IT2024028,3,Operating Systems,90.0
IT2024028,3,Python for Data Analytics,88.0
IT2024028,3,Software Engineering,87.0
IT2024029,1,Communication Skills,74.4
IT2024029,1,Digital Electronics,71.8
IT2024029,1,Mathematics I,71.6
IT2024029,1,Python Programming,76.4
IT2024029,2,Data Structures,69.6
IT2024029,2,Database Management Systems,71.7
IT2024029,2,Statistics,70.0
IT2024029,2,Web Development,75.3
IT2024029,3,Computer Networks,73.0
IT2024029,3,Operating Systems,72.0
IT2024029,3,Python for Data Analytics,79.0
IT2024029,3,Software Engineering,62.0
IT2024030,1,Communication Skills,98.4
IT2024030,1,Digital Electronics,95.5
IT2024030,1,Mathematics I,97.6
IT2024030,1,Python Programming,99.0
IT2024030,2,Data Structures,95.5
IT2024030,2,Database Management Systems,93.8
IT2024030,2,Statistics,96.1
IT2024030,2,Web Development,98.9
IT2024030,3,Computer Networks,92.0
IT2024030,3,Operating Systems,100.0
IT2024030,3,Python for Data Analytics,99.0
IT2024030,3,Software Engineering,94.0
IT2024031,1,Communication Skills,75.0
IT2024031,1,Digital Electronics,85.6
IT2024031,1,Mathematics I,76.5
IT2024031,1,Python Programming,80.4
IT2024031,2,Data Structures,75.9
IT2024031,2,Database Management Systems,76.7
IT2024031,2,Statistics,81.3
IT2024031,2,Web Development,78.7
IT2024031,3,Computer Networks,85.0
IT2024031,3,Operating Systems,78.0
IT2024031,3,Python for Data Analytics,72.0
IT2024031,3,Software Engineering,78.0
IT2024032,1,Communication Skills,80.7
IT2024032,1,Digital Electronics,76.7
IT2024032,1,Mathematics I,81.6
IT2024032,1,Python Programming,75.7
IT2024032,2,Data Structures,77.1
IT2024032,2,Database Management Systems,76.2
IT2024032,2,Statistics,80.0
IT2024032,2,Web Development,74.4
IT2024032,3,Computer Networks,70.0
IT2024032,3,Operating Systems,73.0
IT2024032,3,Python for Data Analytics,85.0
IT2024032,3,Software Engineering,89.0
IT2024033,1,Communication Skills,93.7
IT2024033,1,Digital Electronics,90.4
IT2024033,1,Mathematics I,89.8
IT2024033,1,Python Programming,90.0
IT2024033,2,Data Structures,93.7
IT2024033,2,Database Management Systems,89.6
IT2024033,2,Statistics,93.1
IT2024033,2,Web Development,88.9
IT2024033,3,Computer Networks,91.0
IT2024033,3,Operating Systems,95.0
IT2024033,3,Python for Data Analytics,89.0
IT2024033,3,Software Engineering,87.0
IT2024034,1,Communication Skills,80.9
IT2024034,1,Digital Electronics,82.4
IT2024034,1,Mathematics I,77.9
IT2024034,1,Python Programming,78.3
IT2024034,2,Data Structures,85.0
IT2024034,2,Database Management Systems,82.4
IT2024034,2,Statistics,82.5
IT2024034,2,Web Development,85.4
IT2024034,3,Computer Networks,85.0
IT2024034,3,Operating Systems,80.0
IT2024034,3,Python for Data Analytics,80.0
IT2024034,3,Software Engineering,82.0
IT2024035,1,Communication Skills,77.3
IT2024035,1,Digital Electronics,74.4
IT2024035,1,Mathematics I,68.9
IT2024035,1,Python Programming,75.1
IT2024035,2,Data Structures,78.1
IT2024035,2,Database Management Systems,79.5
IT2024035,2,Statistics,75.9
IT2024035,2,Web Development,73.4
IT2024035,3,Computer Networks,77.0
IT2024035,3,Operating Systems,78.0
IT2024035,3,Python for Data Analytics,72.0
IT2024035,3,Software Engineering,77.0
IT2024036,1,Communication Skills,81.7
IT2024036,1,Digital Electronics,79.3
IT2024036,1,Mathematics I,79.9
IT2024036,1,Python Programming,82.2
IT2024036,2,Data Structures,82.3
IT2024036,2,Database Management Systems,84.6
IT2024036,2,Statistics,83.3
IT2024036,2,Web Development,78.4
IT2024036,3,Computer Networks,83.0
IT2024036,3,Operating Systems,79.0
IT2024036,3,Python for Data Analytics,84.0
IT2024036,3,Software Engineering,79.0
IT2024037,1,Communication Skills,90.1
IT2024037,1,Digital Electronics,92.4
IT2024037,1,Mathematics I,88.6
IT2024037,1,Python Programming,92.2
IT2024037,2,Data Structures,93.4
IT2024037,2,Database Management Systems,89.5
IT2024037,2,Statistics,85.8
IT2024037,2,Web Development,93.8
IT2024037,3,Computer Networks,89.0
IT2024037,3,Operating Systems,94.0
IT2024037,3,Python for Data Analytics,92.0
IT2024037,3,Software Engineering,91.0
IT2024038,1,Communication Skills,83.3
IT2024038,1,Digital Electronics,83.4
IT2024038,1,Mathematics I,83.9
IT2024038,1,Python Programming,80.1
IT2024038,2,Data Structures,78.3
IT2024038,2,Database Management Systems,84.4
IT2024038,2,Statistics,85.1
IT2024038,2,Web Development,82.5
IT2024038,3,Computer Networks,87.0
IT2024038,3,Operating Systems,71.0
IT2024038,3,Python for Data Analytics,86.0
IT2024038,3,Software Engineering,77.0
IT2024039,1,Communication Skills,88.8
IT2024039,1,Digital Electronics,81.4
IT2024039,1,Mathematics I,82.4
IT2024039,1,Python Programming,81.2
IT2024039,2,Data Structures,81.2
IT2024039,2,Database Management Systems,78.1
IT2024039,2,Statistics,81.2
IT2024039,2,Web Development,80.1
IT2024039,3,Computer Networks,83.0
IT2024039,3,Operating Systems,82.0
IT2024039,3,Python for Data Analytics,89.0
IT2024039,3,Software Engineering,73.0
IT2024040,1,Communication Skills,84.3
IT2024040,1,Digital Electronics,80.9
IT2024040,1,Mathematics I,78.8
IT2024040,1,Python Programming,80.6
IT2024040,2,Data Structures,75.7
IT2024040,2,Database Management Systems,82.7
IT2024040,2,Statistics,79.7
IT2024040,2,Web Development,83.8
IT2024040,3,Computer Networks,88.0
IT2024040,3,Operating Systems,81.0
IT2024040,3,Python for Data Analytics,86.0
IT2024040,3,Software Engineering,70.0
IT2024041,1,Communication Skills,90.3
IT2024041,1,Digital Electronics,81.4
IT2024041,1,Mathematics I,85.1
IT2024041,1,Python Programming,83.9
IT2024041,2,Data Structures,87.6
IT2024041,2,Database Management Systems,84.2
IT2024041,2,Statistics,94.5
IT2024041,2,Web Development,88.6
IT2024041,3,Computer Networks,87.0
IT2024041,3,Operating Systems,83.0
IT2024041,3,Python for Data Analytics,86.0
IT2024041,3,Software Engineering,89.0
IT2024042,1,Communication Skills,84.0
IT2024042,1,Digital Electronics,80.6
IT2024042,1,Mathematics I,82.6
IT2024042,1,Python Programming,77.9
IT2024042,2,Data Structures,82.4
IT2024042,2,Database Management Systems,75.1
IT2024042,2,Statistics,76.8
IT2024042,2,Web Development,79.4
IT2024042,3,Computer Networks,84.0
IT2024042,3,Operating Systems,73.0
IT2024042,3,Python for Data Analytics,85.0
IT2024042,3,Software Engineering,79.0
IT2024043,1,Communication Skills,68.5
IT2024043,1,Digital Electronics,69.0
IT2024043,1,Mathematics I,68.8
IT2024043,1,Python Programming,65.3
IT2024043,2,Data Structures,65.3
IT2024043,2,Database Management Systems,64.0
IT2024043,2,Statistics,62.2
IT2024043,2,Web Development,64.4
IT2024043,3,Computer Networks,65.0
IT2024043,3,Operating Systems,70.0
IT2024043,3,Python for Data Analytics,63.0
IT2024043,3,Software Engineering,65.0
IT2024044,1,Communication Skills,85.8
IT2024044,1,Digital Electronics,96.1
IT2024044,1,Mathematics I,90.7
IT2024044,1,Python Programming,92.9
IT2024044,2,Data Structures,84.3
IT2024044,2,Database Management Systems,87.8
IT2024044,2,Statistics,83.8
IT2024044,2,Web Development,90.4
IT2024044,3,Computer Networks,92.0
IT2024044,3,Operating Systems,89.0
IT2024044,3,Python for Data Analytics,87.0
IT2024044,3,Software Engineering,92.0
IT2024045,1,Communication Skills,95.4
IT2024045,1,Digital Electronics,96.2
IT2024045,1,Mathematics I,98.8
IT2024045,1,Python Programming,96.3
IT2024045,2,Data Structures,94.4
IT2024045,2,Database Management Systems,98.1
IT2024045,2,Statistics,95.4
IT2024045,2,Web Development,98.6
IT2024045,3,Computer Networks,96.0
IT2024045,3,Operating Systems,97.0
IT2024045,3,Python for Data Analytics,96.0
IT2024045,3,Software Engineering,93.0
IT2024046,1,Communication Skills,77.9
IT2024046,1,Digital Electronics,80.0
IT2024046,1,Mathematics I,87.4
IT2024046,1,Python Programming,76.2
IT2024046,2,Data Structures,77.4
IT2024046,2,Database Management Systems,81.4
IT2024046,2,Statistics,80.0
IT2024046,2,Web Development,76.8
IT2024046,3,Computer Networks,80.0
IT2024046,3,Operating Systems,87.0
IT2024046,3,Python for Data Analytics,72.0
IT2024046,3,Software Engineering,73.0
IT2024047,1,Communication Skills,79.0
IT2024047,1,Digital Electronics,82.8
IT2024047,1,Mathematics I,79.1
IT2024047,1,Python Programming,79.4
IT2024047,2,Data Structures,82.9
IT2024047,2,Database Management Systems,82.2
IT2024047,2,Statistics,78.4
IT2024047,2,Web Development,75.9
IT2024047,3,Computer Networks,73.0
IT2024047,3,Operating Systems,82.0
IT2024047,3,Python for Data Analytics,85.0
IT2024047,3,Software Engineering,84.0
IT2024048,1,Communication Skills,71.8
IT2024048,1,Digital Electronics,73.8
IT2024048,1,Mathematics I,74.2
IT2024048,1,Python Programming,71.0
IT2024048,2,Data Structures,75.7
IT2024048,2,Database Management Systems,72.7
IT2024048,2,Statistics,80.5
IT2024048,2,Web Development,77.0
IT2024048,3,Computer Networks,77.0
IT2024048,3,Operating Systems,74.0
IT2024048,3,Python for Data Analytics,79.0
IT2024048,3,Software Engineering,75.0
IT2024049,1,Communication Skills,85.8
IT2024049,1,Digital Electronics,91.9
IT2024049,1,Mathematics I,91.0
IT2024049,1,Python Programming,86.0
IT2024049,2,Data Structures,90.4
IT2024049,2,Database Management Systems,89.4
IT2024049,2,Statistics,86.8
IT2024049,2,Web Development,87.1
IT2024049,3,Computer Networks,88.0
IT2024049,3,Operating Systems,91.0
IT2024049,3,Python for Data Analytics,90.0
IT2024049,3,Software Engineering,89.0
IT2024050,1,Communication Skills,71.7
IT2024050,1,Digital Electronics,70.5
IT2024050,1,Mathematics I,70.5
IT2024050,1,Python Programming,71.7
IT2024050,2,Data Structures,73.7
IT2024050,2,Database Management Systems,71.4
IT2024050,2,Statistics,72.7
IT2024050,2,Web Development,69.5
IT2024050,3,Computer Networks,64.0
IT2024050,3,Operating Systems,65.0
IT2024050,3,Python for Data Analytics,80.0
IT2024050,3,Software Engineering,74.0
IT2024051,1,Communication Skills,90.4
IT2024051,1,Digital Electronics,97.9
IT2024051,1,Mathematics I,87.3
IT2024051,1,Python Programming,87.3
IT2024051,2,Data Structures,94.8
IT2024051,2,Database Management Systems,90.7
IT2024051,2,Statistics,95.1
IT2024051,2,Web Development,89.6
IT2024051,3,Computer Networks,95.0
IT2024051,3,Operating Systems,89.0
IT2024051,3,Python for Data Analytics,95.0
IT2024051,3,Software Engineering,90.0
IT2024052,1,Communication Skills,69.1
IT2024052,1,Digital Electronics,69.2
IT2024052,1,Mathematics I,66.7
IT2024052,1,Python Programming,68.1
IT2024052,2,Data Structures,69.6
IT2024052,2,Database Management Systems,71.3
IT2024052,2,Statistics,71.8
IT2024052,2,Web Development,69.7
IT2024052,3,Computer Networks,62.0
IT2024052,3,Operating Systems,74.0
IT2024052,3,Python for Data Analytics,75.0
IT2024052,3,Software Engineering,67.0
IT2024053,1,Communication Skills,98.1
IT2024053,1,Digital Electronics,93.3
IT2024053,1,Mathematics I,96.8
IT2024053,1,Python Programming,99.0
IT2024053,2,Data Structures,93.7
IT2024053,2,Database Management Systems,95.6
IT2024053,2,Statistics,97.5
IT2024053,2,Web Development,94.0
IT2024053,3,Computer Networks,99.0
IT2024053,3,Operating Systems,92.0
IT2024053,3,Python for Data Analytics,94.0
IT2024053,3,Software Engineering,98.0
IT2024054,1,Communication Skills,97.2
IT2024054,1,Digital Electronics,88.7
IT2024054,1,Mathematics I,93.2
IT2024054,1,Python Programming,96.3
IT2024054,2,Data Structures,95.3
IT2024054,2,Database Management Systems,92.8
IT2024054,2,Statistics,87.5
IT2024054,2,Web Development,92.4
IT2024054,3,Computer Networks,90.0
IT2024054,3,Operating Systems,94.0
IT2024054,3,Python for Data Analytics,91.0
IT2024054,3,Software Engineering,94.0
IT2024055,1,Communication Skills,78.0
IT2024055,1,Digital Electronics,77.6
IT2024055,1,Mathematics I,76.4
IT2024055,1,Python Programming,83.2
IT2024055,2,Data Structures,74.3
IT2024055,2,Database Management Systems,76.6
IT2024055,2,Statistics,76.5
IT2024055,2,Web Development,72.7
IT2024055,3,Computer Networks,71.0
IT2024055,3,Operating Systems,77.0
IT2024055,3,Python for Data Analytics,76.0
IT2024055,3,Software Engineering,81.0
IT2024056,1,Communication Skills,86.1
IT2024056,1,Digital Electronics,88.5
IT2024056,1,Mathematics I,90.9
IT2024056,1,Python Programming,87.0
IT2024056,2,Data Structures,88.7
IT2024056,2,Database Management Systems,89.3
IT2024056,2,Statistics,92.3
IT2024056,2,Web Development,94.0
IT2024056,3,Computer Networks,85.0
IT2024056,3,Operating Systems,94.0
IT2024056,3,Python for Data Analytics,89.0
IT2024056,3,Software Engineering,93.0
IT2024057,1,Communication Skills,85.4
IT2024057,1,Digital Electronics,79.5
IT2024057,1,Mathematics I,79.5
IT2024057,1,Python Programming,81.6
IT2024057,2,Data Structures,81.9
IT2024057,2,Database Management Systems,87.2
IT2024057,2,Statistics,78.8
IT2024057,2,Web Development,80.4
IT2024057,3,Computer Networks,76.0
IT2024057,3,Operating Systems,89.0
IT2024057,3,Python for Data Analytics,89.0
IT2024057,3,Software Engineering,71.0
IT2024058,1,Communication Skills,81.5
IT2024058,1,Digital Electronics,79.4
IT2024058,1,Mathematics I,78.8
IT2024058,1,Python Programming,78.5
IT2024058,2,Data Structures,82.9
IT2024058,2,Database Management Systems,82.7
IT2024058,2,Statistics,77.7
IT2024058,2,Web Development,77.7
IT2024058,3,Computer Networks,78.0
IT2024058,3,Operating Systems,79.0
IT2024058,3,Python for Data Analytics,78.0
IT2024058,3,Software Engineering,83.0
IT2024059,1,Communication Skills,71.2
IT2024059,1,Digital Electronics,68.4
IT2024059,1,Mathematics I,69.7
IT2024059,1,Python Programming,69.8
IT2024059,2,Data Structures,70.4
IT2024059,2,Database Management Systems,66.6
IT2024059,2,Statistics,77.1
IT2024059,2,Web Development,70.0
IT2024059,3,Computer Networks,70.0
IT2024059,3,Operating Systems,64.0
IT2024059,3,Python for Data Analytics,80.0
IT2024059,3,Software Engineering,72.0
IT2024060,1,Communication Skills,83.8
IT2024060,1,Digital Electronics,84.7
IT2024060,1,Mathematics I,82.8
IT2024060,1,Python Programming,85.2
IT2024060,2,Data Structures,82.8
IT2024060,2,Database Management Systems,83.4
IT2024060,2,Statistics,80.5
IT2024060,2,Web Development,84.5
IT2024060,3,Computer Networks,72.0
IT2024060,3,Operating Systems,83.0
IT2024060,3,Python for Data Analytics,88.0
IT2024060,3,Software Engineering,86.0
IT2025001,1,Communication Skills,82.2
IT2025001,1,Digital Electronics,77.6
IT2025001,1,Mathematics I,79.9
IT2025001,1,Python Programming,75.5
IT2025001,2,Data Structures,79.0
IT2025001,2,Database Management Systems,87.0
IT2025001,2,Statistics,71.0
IT2025001,2,Web Development,81.0
IT2025002,1,Communication Skills,89.2
IT2025002,1,Digital Electronics,87.5
IT2025002,1,Mathematics I,85.8
IT2025002,1,Python Programming,88.0
IT2025002,2,Data Structures,95.0
IT2025002,2,Database Management Systems,86.0
IT2025002,2,Statistics,88.0
IT2025002,2,Web Development,88.0
IT2025003,1,Communication Skills,84.0
IT2025003,1,Digital Electronics,76.8
IT2025003,1,Mathematics I,81.1
IT2025003,1,Python Programming,91.4
IT2025003,2,Data Structures,85.0
IT2025003,2,Database Management Systems,86.0
IT2025003,2,Statistics,72.0
IT2025003,2,Web Development,83.0
IT2025004,1,Communication Skills,77.4
IT2025004,1,Digital Electronics,75.1
IT2025004,1,Mathematics I,81.1
IT2025004,1,Python Programming,82.3
IT2025004,2,Data Structures,79.0
IT2025004,2,Database Management Systems,72.0
IT2025004,2,Statistics,79.0
IT2025004,2,Web Development,89.0
IT2025005,1,Communication Skills,90.9
IT2025005,1,Digital Electronics,88.7
IT2025005,1,Mathematics I,93.3
IT2025005,1,Python Programming,92.6
IT2025005,2,Data Structures,92.0
IT2025005,2,Database Management Systems,95.0
IT2025005,2,Statistics,95.0
IT2025005,2,Web Development,94.0
IT2025006,1,Communication Skills,89.7
IT2025006,1,Digital Electronics,83.1
IT2025006,1,Mathematics I,83.8
IT2025006,1,Python Programming,86.7
IT2025006,2,Data Structures,83.0
IT2025006,2,Database Management Systems,88.0
IT2025006,2,Statistics,94.0
IT2025006,2,Web Development,84.0
IT2025007,1,Communication Skills,84.8
IT2025007,1,Digital Electronics,80.1
IT2025007,1,Mathematics I,85.5
IT2025007,1,Python Programming,81.4
IT2025007,2,Data Structures,89.0
IT2025007,2,Database Management Systems,74.0
IT2025007,2,Statistics,81.0
IT2025007,2,Web Development,88.0
IT2025008,1,Communication Skills,77.8
IT2025008,1,Digital Electronics,73.0
IT2025008,1,Mathematics I,80.9
IT2025008,1,Python Programming,79.4
IT2025008,2,Data Structures,74.0
IT2025008,2,Database Management Systems,81.0
IT2025008,2,Statistics,72.0
IT2025008,2,Web Development,81.0
IT2025009,1,Communication Skills,78.8
IT2025009,1,Digital Electronics,73.2
IT2025009,1,Mathematics I,72.9
IT2025009,1,Python Programming,77.2
IT2025009,2,Data Structures,78.0
IT2025009,2,Database Management Systems,70.0
IT2025009,2,Statistics,86.0
IT2025009,2,Web Development,73.0
IT2025010,1,Communication Skills,95.3
IT2025010,1,Digital Electronics,98.0
IT2025010,1,Mathematics I,93.3
IT2025010,1,Python Programming,98.0
IT2025010,2,Data Structures,97.0
IT2025010,2,Database Management Systems,97.0
IT2025010,2,Statistics,92.0
IT2025010,2,Web Development,97.0
IT2025011,1,Communication Skills,77.1
IT2025011,1,Digital Electronics,79.8
IT2025011,1,Mathematics I,80.4
IT2025011,1,Python Programming,73.3
IT2025011,2,Data Structures,84.0
IT2025011,2,Database Management Systems,80.0
IT2025011,2,Statistics,72.0
IT2025011,2,Web Development,75.0
IT2025012,1,Communication Skills,82.4
IT2025012,1,Digital Electronics,83.9
IT2025012,1,Mathematics I,83.4
IT2025012,1,Python Programming,82.9
IT2025012,2,Data Structures,81.0
IT2025012,2,Database Management Systems,76.0
IT2025012,2,Statistics,85.0
IT2025012,2,Web Development,87.0
IT2025013,1,Communication Skills,99.0
IT2025013,1,Digital Electronics,99.0
IT2025013,1,Mathematics I,97.6
IT2025013,1,Python Programming,99.0
IT2025013,2,Data Structures,97.0
IT2025013,2,Database Management Systems,99.0
IT2025013,2,Statistics,94.0
IT2025013,2,Web Development,98.0
IT2025014,1,Communication Skills,72.1
IT2025014,1,Digital Electronics,73.3
IT2025014,1,Mathematics I,70.3
IT2025014,1,Python Programming,67.7
IT2025014,2,Data Structures,73.0
IT2025014,2,Database Management Systems,70.0
IT2025014,2,Statistics,74.0
IT2025014,2,Web Development,64.0
IT2025015,1,Communication Skills,73.7
IT2025015,1,Digital Electronics,71.8
IT2025015,1,Mathematics I,79.2
IT2025015,1,Python Programming,75.3
IT2025015,2,Data Structures,74.0
IT2025015,2,Database Management Systems,71.0
IT2025015,2,Statistics,74.0
IT2025015,2,Web Development,75.0
IT2025016,1,Communication Skills,93.6
IT2025016,1,Digital Electronics,91.1
IT2025016,1,Mathematics I,87.3
IT2025016,1,Python Programming,89.8
IT2025016,2,Data Structures,87.0
IT2025016,2,Database Management Systems,95.0
IT2025016,2,Statistics,85.0
IT2025016,2,Web Development,86.0
IT2025017,1,Communication Skills,96.6
IT2025017,1,Digital Electronics,96.4
IT2025017,1,Mathematics I,92.8
IT2025017,1,Python Programming,92.7
IT2025017,2,Data Structures,99.0
IT2025017,2,Database Management Systems,98.0
IT2025017,2,Statistics,99.0
IT2025017,2,Web Development,92.0
IT2025018,1,Communication Skills,77.5
IT2025018,1,Digital Electronics,78.7
IT2025018,1,Mathematics I,76.2
IT2025018,1,Python Programming,79.2
IT2025018,2,Data Structures,88.0
IT2025018,2,Database Management Systems,70.0
IT2025018,2,Statistics,88.0
IT2025018,2,Web Development,76.0
IT2025019,1,Communication Skills,78.3
IT2025019,1,Digital Electronics,77.6
IT2025019,1,Mathematics I,83.3
IT2025019,1,Python Programming,71.3
IT2025019,2,Data Structures,80.0
IT2025019,2,Database Management Systems,80.0
IT2025019,2,Statistics,80.0
IT2025019,2,Web Development,67.0
IT2025020,1,Communication Skills,76.1
IT2025020,1,Digital Electronics,80.4
IT2025020,1,Mathematics I,79.5
IT2025020,1,Python Programming,79.6
IT2025020,2,Data Structures,84.0
IT2025020,2,Database Management Systems,71.0
IT2025020,2,Statistics,83.0
IT2025020,2,Web Development,76.0
IT2025021,1,Communication Skills,78.4
IT2025021,1,Digital Electronics,81.2
IT2025021,1,Mathematics I,77.1
IT2025021,1,Python Programming,76.4
IT2025021,2,Data Structures,74.0
IT2025021,2,Database Management Systems,80.0
IT2025021,2,Statistics,74.0
IT2025021,2,Web Development,87.0
IT2025022,1,Communication Skills,70.2
IT2025022,1,Digital Electronics,68.6
IT2025022,1,Mathematics I,73.0
IT2025022,1,Python Programming,67.0
IT2025022,2,Data Structures,67.0
IT2025022,2,Database Management Systems,68.0
IT2025022,2,Statistics,64.0
IT2025022,2,Web Development,69.0
IT2025023,1,Communication Skills,68.6
IT2025023,1,Digital Electronics,72.6
IT2025023,1,Mathematics I,72.3
IT2025023,1,Python Programming,63.7
IT2025023,2,Data Structures,79.0
IT2025023,2,Database Management Systems,65.0
IT2025023,2,Statistics,70.0
IT2025023,2,Web Development,65.0
IT2025024,1,Communication Skills,81.9
IT2025024,1,Digital Electronics,81.1
IT2025024,1,Mathematics I,86.4
IT2025024,1,Python Programming,79.8
IT2025024,2,Data Structures,84.0
IT2025024,2,Database Management Systems,85.0
IT2025024,2,Statistics,82.0
IT2025024,2,Web Development,76.0
IT2025025,1,Communication Skills,70.4
IT2025025,1,Digital Electronics,70.4
IT2025025,1,Mathematics I,67.7
IT2025025,1,Python Programming,71.7
IT2025025,2,Data Structures,61.0
IT2025025,2,Database Management Systems,79.0
IT2025025,2,Statistics,77.0
IT2025025,2,Web Development,63.0
IT2025026,1,Communication Skills,79.7
IT2025026,1,Digital Electronics,80.6
IT2025026,1,Mathematics I,82.7
IT2025026,1,Python Programming,88.6
IT2025026,2,Data Structures,78.0
IT2025026,2,Database Management Systems,82.0
IT2025026,2,Statistics,82.0
IT2025026,2,Web Development,87.0
IT2025027,1,Communication Skills,91.4
IT2025027,1,Digital Electronics,88.3
IT2025027,1,Mathematics I,96.1
IT2025027,1,Python Programming,93.4
IT2025027,2,Data Structures,90.0
IT2025027,2,Database Management Systems,88.0
IT2025027,2,Statistics,94.0
IT2025027,2,Web Development,95.0
IT2025028,1,Communication Skills,75.1
IT2025028,1,Digital Electronics,79.8
IT2025028,1,Mathematics I,78.4
IT2025028,1,Python Programming,73.5
IT2025028,2,Data Structures,73.0
IT2025028,2,Database Management Systems,80.0
IT2025028,2,Statistics,74.0
IT2025028,2,Web Development,86.0
IT2025029,1,Communication Skills,96.1
IT2025029,1,Digital Electronics,96.1
IT2025029,1,Mathematics I,99.0
IT2025029,1,Python Programming,93.1
IT2025029,2,Data Structures,90.0
IT2025029,2,Database Management Systems,95.0
IT2025029,2,Statistics,98.0
IT2025029,2,Web Development,99.0
IT2025030,1,Communication Skills,71.2
IT2025030,1,Digital Electronics,72.2
IT2025030,1,Mathematics I,66.7
IT2025030,1,Python Programming,69.1
IT2025030,2,Data Structures,70.0
IT2025030,2,Database Management Systems,72.0
IT2025030,2,Statistics,70.0
IT2025030,2,Web Development,76.0
IT2025031,1,Communication Skills,70.9
IT2025031,1,Digital Electronics,67.3
IT2025031,1,Mathematics I,62.5
IT2025031,1,Python Programming,67.5
IT2025031,2,Data Structures,78.0
IT2025031,2,Database Management Systems,60.0
IT2025031,2,Statistics,63.0
IT2025031,2,Web Development,69.0
IT2025032,1,Communication Skills,93.8
IT2025032,1,Digital Electronics,92.3
IT2025032,1,Mathematics I,98.3
IT2025032,1,Python Programming,93.9
IT2025032,2,Data Structures,99.0
IT2025032,2,Database Management Systems,100.0
IT2025032,2,Statistics,90.0
IT2025032,2,Web Development,92.0
IT2025033,1,Communication Skills,86.7
IT2025033,1,Digital Electronics,85.2
IT2025033,1,Mathematics I,92.5
IT2025033,1,Python Programming,88.6
IT2025033,2,Data Structures,93.0
IT2025033,2,Database Management Systems,84.0
IT2025033,2,Statistics,85.0
IT2025033,2,Web Development,93.0
IT2025034,1,Communication Skills,79.1
IT2025034,1,Digital Electronics,80.1
IT2025034,1,Mathematics I,80.4
IT2025034,1,Python Programming,84.4
IT2025034,2,Data Structures,70.0
IT2025034,2,Database Management Systems,83.0
IT2025034,2,Statistics,76.0
IT2025034,2,Web Development,89.0
IT2025035,1,Communication Skills,80.0
IT2025035,1,Digital Electronics,76.8
IT2025035,1,Mathematics I,75.8
IT2025035,1,Python Programming,73.6
IT2025035,2,Data Structures,71.0
IT2025035,2,Database Management Systems,76.0
IT2025035,2,Statistics,85.0
IT2025035,2,Web Development,75.0
IT2025036,1,Communication Skills,74.2
IT2025036,1,Digital Electronics,77.0
IT2025036,1,Mathematics I,74.3
IT2025036,1,Python Programming,75.3
IT2025036,2,Data Structures,80.0
IT2025036,2,Database Management Systems,78.0
IT2025036,2,Statistics,77.0
IT2025036,2,Web Development,79.0
IT2025037,1,Communication Skills,89.0
IT2025037,1,Digital Electronics,91.8
IT2025037,1,Mathematics I,90.9
IT2025037,1,Python Programming,83.6
IT2025037,2,Data Structures,94.0
IT2025037,2,Database Management Systems,93.0
IT2025037,2,Statistics,87.0
IT2025037,2,Web Development,90.0
IT2025038,1,Communication Skills,90.7
IT2025038,1,Digital Electronics,84.9
IT2025038,1,Mathematics I,84.5
IT2025038,1,Python Programming,87.9
IT2025038,2,Data Structures,86.0
IT2025038,2,Database Management Systems,92.0
IT2025038,2,Statistics,88.0
IT2025038,2,Web Development,94.0
IT2025039,1,Communication Skills,88.2
IT2025039,1,Digital Electronics,87.3
IT2025039,1,Mathematics I,92.7
IT2025039,1,Python Programming,90.0
IT2025039,2,Data Structures,86.0
IT2025039,2,Database Management Systems,93.0
IT2025039,2,Statistics,89.0
IT2025039,2,Web Development,93.0
IT2025040,1,Communication Skills,65.0
IT2025040,1,Digital Electronics,65.2
IT2025040,1,Mathematics I,67.2
IT2025040,1,Python Programming,66.7
IT2025040,2,Data Structures,66.0
IT2025040,2,Database Management Systems,77.0
IT2025040,2,Statistics,63.0
IT2025040,2,Web Development,61.0
IT2025041,1,Communication Skills,73.5
IT2025041,1,Digital Electronics,70.4
IT2025041,1,Mathematics I,74.2
IT2025041,1,Python Programming,69.5
IT2025041,2,Data Structures,80.0
IT2025041,2,Database Management Systems,63.0
IT2025041,2,Statistics,75.0
IT2025041,2,Web Development,64.0
IT2025042,1,Communication Skills,80.3
IT2025042,1,Digital Electronics,79.2
IT2025042,1,Mathematics I,81.9
IT2025042,1,Python Programming,79.2
IT2025042,2,Data Structures,75.0
IT2025042,2,Database Management Systems,85.0
IT2025042,2,Statistics,76.0
IT2025042,2,Web Development,79.0
IT2025043,1,Communication Skills,63.9
IT2025043,1,Digital Electronics,68.1
IT2025043,1,Mathematics I,67.6
IT2025043,1,Python Programming,69.7
IT2025043,2,Data Structures,62.0
IT2025043,2,Database Management Systems,61.0
IT2025043,2,Statistics,65.0
IT2025043,2,Web Development,72.0
IT2025044,1,Communication Skills,86.7
IT2025044,1,Digital Electronics,86.2
IT2025044,1,Mathematics I,90.3
IT2025044,1,Python Programming,83.5
IT2025044,2,Data Structures,84.0
IT2025044,2,Database Management Systems,82.0
IT2025044,2,Statistics,91.0
IT2025044,2,Web Development,87.0
IT2025045,1,Communication Skills,75.0
IT2025045,1,Digital Electronics,76.8
IT2025045,1,Mathematics I,71.1
IT2025045,1,Python Programming,75.1
IT2025045,2,Data Structures,80.0
IT2025045,2,Database Management Systems,75.0
IT2025045,2,Statistics,76.0
IT2025045,2,Web Development,66.0
IT2025046,1,Communication Skills,69.9
IT2025046,1,Digital Electronics,63.5
IT2025046,1,Mathematics I,66.1
IT2025046,1,Python Programming,62.3
IT2025046,2,Data Structures,65.0
IT2025046,2,Database Management Systems,68.0
IT2025046,2,Statistics,70.0
IT2025046,2,Web Development,66.0
IT2025047,1,Communication Skills,96.5
IT2025047,1,Digital Electronics,94.8
IT2025047,1,Mathematics I,89.3
IT2025047,1,Python Programming,89.9
IT2025047,2,Data Structures,96.0
IT2025047,2,Database Management Systems,91.0
IT2025047,2,Statistics,92.0
IT2025047,2,Web Development,95.0
IT2025048,1,Communication Skills,70.7
IT2025048,1,Digital Electronics,70.8
IT2025048,1,Mathematics I,72.3
IT2025048,1,Python Programming,80.1
IT2025048,2,Data Structures,68.0
IT2025048,2,Database Management Systems,74.0
IT2025048,2,Statistics,69.0
IT2025048,2,Web Development,80.0
IT2025049,1,Communication Skills,87.5
IT2025049,1,Digital Electronics,83.9
IT2025049,1,Mathematics I,88.5
IT2025049,1,Python Programming,81.7
IT2025049,2,Data Structures,82.0
IT2025049,2,Database Management Systems,89.0
IT2025049,2,Statistics,88.0
IT2025049,2,Web Development,93.0
IT2025050,1,Communication Skills,79.3
IT2025050,1,Digital Electronics,81.3
IT2025050,1,Mathematics I,81.5
IT2025050,1,Python Programming,82.2
IT2025050,2,Data Structures,73.0
IT2025050,2,Database Management Systems,89.0
IT2025050,2,Statistics,74.0
IT2025050,2,Web Development,84.0
IT2025051,1,Communication Skills,87.4
IT2025051,1,Digital Electronics,79.3
IT2025051,1,Mathematics I,88.8
IT2025051,1,Python Programming,81.5
IT2025051,2,Data Structures,87.0
IT2025051,2,Database Management Systems,87.0
IT2025051,2,Statistics,77.0
IT2025051,2,Web Development,84.0
IT2025052,1,Communication Skills,85.8
IT2025052,1,Digital Electronics,85.3
IT2025052,1,Mathematics I,86.7
IT2025052,1,Python Programming,86.1
IT2025052,2,Data Structures,88.0
IT2025052,2,Database Management Systems,87.0
IT2025052,2,Statistics,87.0
IT2025052,2,Web Development,80.0
IT2025053,1,Communication Skills,85.8
IT2025053,1,Digital Electronics,81.4
IT2025053,1,Mathematics I,80.1
IT2025053,1,Python Programming,78.0
IT2025053,2,Data Structures,76.0
IT2025053,2,Database Management Systems,86.0
IT2025053,2,Statistics,71.0
IT2025053,2,Web Development,86.0
IT2025054,1,Communication Skills,96.5
IT2025054,1,Digital Electronics,92.7
IT2025054,1,Mathematics I,91.1
IT2025054,1,Python Programming,99.0
IT2025054,2,Data Structures,99.0
IT2025054,2,Database Management Systems,100.0
IT2025054,2,Statistics,90.0
IT2025054,2,Web Development,90.0
IT2025055,1,Communication Skills,89.9
IT2025055,1,Digital Electronics,85.0
IT2025055,1,Mathematics I,84.3
IT2025055,1,Python Programming,93.6
IT2025055,2,Data Structures,91.0
IT2025055,2,Database Management Systems,88.0
IT2025055,2,Statistics,90.0
IT2025055,2,Web Development,89.0
IT2025056,1,Communication Skills,92.1
IT2025056,1,Digital Electronics,92.9
IT2025056,1,Mathematics I,95.3
IT2025056,1,Python Programming,93.4
IT2025056,2,Data Structures,88.0
IT2025056,2,Database Management Systems,94.0
IT2025056,2,Statistics,88.0
IT2025056,2,Web Development,89.0
IT2025057,1,Communication Skills,82.4
IT2025057,1,Digital Electronics,80.5
IT2025057,1,Mathematics I,78.9
IT2025057,1,Python Programming,74.6
IT2025057,2,Data Structures,72.0
IT2025057,2,Database Management Systems,81.0
IT2025057,2,Statistics,87.0
IT2025057,2,Web Development,74.0
IT2025058,1,Communication Skills,80.0
IT2025058,1,Digital Electronics,78.4
IT2025058,1,Mathematics I,83.1
IT2025058,1,Python Programming,80.8
IT2025058,2,Data Structures,70.0
IT2025058,2,Database Management Systems,84.0
IT2025058,2,Statistics,82.0
IT2025058,2,Web Development,84.0
IT2025059,1,Communication Skills,75.8
IT2025059,1,Digital Electronics,78.6
IT2025059,1,Mathematics I,78.1
IT2025059,1,Python Programming,74.6
IT2025059,2,Data Structures,78.0
IT2025059,2,Database Management Systems,73.0
IT2025059,2,Statistics,83.0
IT2025059,2,Web Development,76.0
IT2025060,1,Communication Skills,76.1
IT2025060,1,Digital Electronics,70.5
IT2025060,1,Mathematics I,70.3
IT2025060,1,Python Programming,69.8
IT2025060,2,Data Structures,79.0
IT2025060,2,Database Management Systems,79.0
IT2025060,2,Statistics,61.0
IT2025060,2,Web Development,67.0
IT2026001,1,Communication Skills,74.0
IT2026001,1,Digital Electronics,71.0
IT2026001,1,Mathematics I,76.0
IT2026001,1,Python Programming,77.0
IT2026002,1,Communication Skills,79.0
IT2026002,1,Digital Electronics,83.0
IT2026002,1,Mathematics I,81.0
IT2026002,1,Python Programming,84.0
IT2026003,1,Communication Skills,75.0
IT2026003,1,Digital Electronics,85.0
IT2026003,1,Mathematics I,86.0
IT2026003,1,Python Programming,74.0
IT2026004,1,Communication Skills,93.0
IT2026004,1,Digital Electronics,98.0
IT2026004,1,Mathematics I,97.0
IT2026004,1,Python Programming,95.0
IT2026005,1,Communication Skills,81.0
IT2026005,1,Digital Electronics,82.0
IT2026005,1,Mathematics I,87.0
IT2026005,1,Python Programming,82.0
IT2026006,1,Communication Skills,77.0
IT2026006,1,Digital Electronics,84.0
IT2026006,1,Mathematics I,89.0
IT2026006,1,Python Programming,77.0
IT2026007,1,Communication Skills,85.0
IT2026007,1,Digital Electronics,77.0
IT2026007,1,Mathematics I,71.0
IT2026007,1,Python Programming,83.0
IT2026008,1,Communication Skills,99.0
IT2026008,1,Digital Electronics,96.0
IT2026008,1,Mathematics I,100.0
IT2026008,1,Python Programming,96.0
IT2026009,1,Communication Skills,84.0
IT2026009,1,Digital Electronics,81.0
IT2026009,1,Mathematics I,71.0
IT2026009,1,Python Programming,85.0
IT2026010,1,Communication Skills,68.0
IT2026010,1,Digital Electronics,74.0
IT2026010,1,Mathematics I,71.0
IT2026010,1,Python Programming,71.0
IT2026011,1,Communication Skills,94.0
IT2026011,1,Digital Electronics,84.0
IT2026011,1,Mathematics I,91.0
IT2026011,1,Python Programming,85.0
IT2026012,1,Communication Skills,74.0
IT2026012,1,Digital Electronics,74.0
IT2026012,1,Mathematics I,76.0
IT2026012,1,Python Programming,87.0
IT2026013,1,Communication Skills,81.0
IT2026013,1,Digital Electronics,80.0
IT2026013,1,Mathematics I,70.0
IT2026013,1,Python Programming,78.0
IT2026014,1,Communication Skills,83.0
IT2026014,1,Digital Electronics,89.0
IT2026014,1,Mathematics I,93.0
IT2026014,1,Python Programming,86.0
IT2026015,1,Communication Skills,71.0
IT2026015,1,Digital Electronics,70.0
IT2026015,1,Mathematics I,86.0
IT2026015,1,Python Programming,81.0
IT2026016,1,Communication Skills,84.0
IT2026016,1,Digital Electronics,80.0
IT2026016,1,Mathematics I,73.0
IT2026016,1,Python Programming,82.0
IT2026017,1,Communication Skills,89.0
IT2026017,1,Digital Electronics,86.0
IT2026017,1,Mathematics I,88.0
IT2026017,1,Python Programming,74.0
IT2026018,1,Communication Skills,67.0
IT2026018,1,Digital Electronics,74.0
IT2026018,1,Mathematics I,66.0
IT2026018,1,Python Programming,63.0
IT2026019,1,Communication Skills,86.0
IT2026019,1,Digital Electronics,92.0
IT2026019,1,Mathematics I,88.0
IT2026019,1,Python Programming,93.0
IT2026020,1,Communication Skills,93.0
IT2026020,1,Digital Electronics,94.0
IT2026020,1,Mathematics I,83.0
IT2026020,1,Python Programming,83.0
IT2026021,1,Communication Skills,83.0
IT2026021,1,Digital Electronics,95.0
IT2026021,1,Mathematics I,90.0
IT2026021,1,Python Programming,82.0
IT2026022,1,Communication Skills,92.0
IT2026022,1,Digital Electronics,93.0
IT2026022,1,Mathematics I,95.0
IT2026022,1,Python Programming,90.0
IT2026023,1,Communication Skills,83.0
IT2026023,1,Digital Electronics,78.0
IT2026023,1,Mathematics I,78.0
IT2026023,1,Python Programming,87.0
IT2026024,1,Communication Skills,84.0
IT2026024,1,Digital Electronics,91.0
IT2026024,1,Mathematics I,87.0
IT2026024,1,Python Programming,86.0
IT2026025,1,Communication Skills,83.0
IT2026025,1,Digital Electronics,75.0
IT2026025,1,Mathematics I,86.0
IT2026025,1,Python Programming,74.0
IT2026026,1,Communication Skills,89.0
IT2026026,1,Digital Electronics,72.0
IT2026026,1,Mathematics I,74.0
IT2026026,1,Python Programming,80.0
IT2026027,1,Communication Skills,94.0
IT2026027,1,Digital Electronics,95.0
IT2026027,1,Mathematics I,99.0
IT2026027,1,Python Programming,100.0
IT2026028,1,Communication Skills,90.0
IT2026028,1,Digital Electronics,99.0
IT2026028,1,Mathematics I,98.0
IT2026028,1,Python Programming,94.0
IT2026029,1,Communication Skills,70.0
IT2026029,1,Digital Electronics,75.0
IT2026029,1,Mathematics I,64.0
IT2026029,1,Python Programming,66.0
IT2026030,1,Communication Skills,82.0
IT2026030,1,Digital Electronics,70.0
IT2026030,1,Mathematics I,77.0
IT2026030,1,Python Programming,74.0
IT2026031,1,Communication Skills,73.0
IT2026031,1,Digital Electronics,80.0
IT2026031,1,Mathematics I,82.0
IT2026031,1,Python Programming,80.0
IT2026032,1,Communication Skills,73.0
IT2026032,1,Digital Electronics,88.0
IT2026032,1,Mathematics I,81.0
IT2026032,1,Python Programming,89.0
IT2026033,1,Communication Skills,80.0
IT2026033,1,Digital Electronics,86.0
IT2026033,1,Mathematics I,79.0
IT2026033,1,Python Programming,72.0
IT2026034,1,Communication Skills,93.0
IT2026034,1,Digital Electronics,95.0
IT2026034,1,Mathematics I,94.0
IT2026034,1,Python Programming,90.0
IT2026035,1,Communication Skills,74.0
IT2026035,1,Digital Electronics,85.0
IT2026035,1,Mathematics I,76.0
IT2026035,1,Python Programming,73.0
IT2026036,1,Communication Skills,80.0
IT2026036,1,Digital Electronics,74.0
IT2026036,1,Mathematics I,78.0
IT2026036,1,Python Programming,78.0
IT2026037,1,Communication Skills,86.0
IT2026037,1,Digital Electronics,84.0
IT2026037,1,Mathematics I,78.0
IT2026037,1,Python Programming,84.0
IT2026038,1,Communication Skills,91.0
IT2026038,1,Digital Electronics,88.0
IT2026038,1,Mathematics I,83.0
IT2026038,1,Python Programming,82.0
IT2026039,1,Communication Skills,89.0
IT2026039,1,Digital Electronics,74.0
IT2026039,1,Mathematics I,88.0
IT2026039,1,Python Programming,87.0
IT2026040,1,Communication Skills,65.0
IT2026040,1,Digital Electronics,74.0
IT2026040,1,Mathematics I,62.0
IT2026040,1,Python Programming,63.0
IT2026041,1,Communication Skills,83.0
IT2026041,1,Digital Electronics,89.0
IT2026041,1,Mathematics I,81.0
IT2026041,1,Python Programming,86.0
IT2026042,1,Communication Skills,78.0
IT2026042,1,Digital Electronics,72.0
IT2026042,1,Mathematics I,73.0
IT2026042,1,Python Programming,80.0
IT2026043,1,Communication Skills,87.0
IT2026043,1,Digital Electronics,80.0
IT2026043,1,Mathematics I,89.0
IT2026043,1,Python Programming,79.0
IT2026044,1,Communication Skills,60.0
IT2026044,1,Digital Electronics,65.0
IT2026044,1,Mathematics I,73.0
IT2026044,1,Python Programming,76.0
IT2026045,1,Communication Skills,79.0
IT2026045,1,Digital Electronics,87.0
IT2026045,1,Mathematics I,74.0
IT2026045,1,Python Programming,85.0
IT2026046,1,Communication Skills,65.0
IT2026046,1,Digital Electronics,74.0
IT2026046,1,Mathematics I,72.0
IT2026046,1,Python Programming,70.0
IT2026047,1,Communication Skills,84.0
IT2026047,1,Digital Electronics,77.0
IT2026047,1,Mathematics I,89.0
IT2026047,1,Python Programming,81.0
IT2026048,1,Communication Skills,79.0
IT2026048,1,Digital Electronics,86.0
IT2026048,1,Mathematics I,88.0
IT2026048,1,Python Programming,85.0
IT2026049,1,Communication Skills,75.0
IT2026049,1,Digital Electronics,63.0
IT2026049,1,Mathematics I,68.0
IT2026049,1,Python Programming,66.0
IT2026050,1,Communication Skills,86.0
IT2026050,1,Digital Electronics,84.0
IT2026050,1,Mathematics I,83.0
IT2026050,1,Python Programming,95.0
IT2026051,1,Communication Skills,82.0
IT2026051,1,Digital Electronics,87.0
IT2026051,1,Mathematics I,87.0
IT2026051,1,Python Programming,83.0
IT2026052,1,Communication Skills,95.0
IT2026052,1,Digital Electronics,87.0
IT2026052,1,Mathematics I,82.0
IT2026052,1,Python Programming,83.0
IT2026053,1,Communication Skills,85.0
IT2026053,1,Digital Electronics,70.0
IT2026053,1,Mathematics I,85.0
IT2026053,1,Python Programming,71.0
IT2026054,1,Communication Skills,79.0
IT2026054,1,Digital Electronics,73.0
IT2026054,1,Mathematics I,74.0
IT2026054,1,Python Programming,78.0
IT2026055,1,Communication Skills,87.0
IT2026055,1,Digital Electronics,86.0
IT2026055,1,Mathematics I,73.0
IT2026055,1,Python Programming,83.0
IT2026056,1,Communication Skills,88.0
IT2026056,1,Digital Electronics,72.0
IT2026056,1,Mathematics I,70.0
IT2026056,1,Python Programming,74.0
IT2026057,1,Communication Skills,82.0
IT2026057,1,Digital Electronics,70.0
IT2026057,1,Mathematics I,85.0
IT2026057,1,Python Programming,86.0
IT2026058,1,Communication Skills,78.0
IT2026058,1,Digital Electronics,61.0
IT2026058,1,Mathematics I,80.0
IT2026058,1,Python Programming,62.0
IT2026059,1,Communication Skills,89.0
IT2026059,1,Digital Electronics,92.0
IT2026059,1,Mathematics I,84.0
IT2026059,1,Python Programming,87.0
IT2026060,1,Communication Skills,76.0
IT2026060,1,Digital Electronics,76.0
IT2026060,1,Mathematics I,84.0
IT2026060,1,Python Programming,74.0
